-- phpMyAdmin SQL Dump
-- version 5.2.0
-- https://www.phpmyadmin.net/
--
-- Host: 127.0.0.1:3307
-- Generation Time: Dec 21, 2022 at 04:50 PM
-- Server version: 10.4.27-MariaDB
-- PHP Version: 7.4.33

SET SQL_MODE = "NO_AUTO_VALUE_ON_ZERO";
START TRANSACTION;
SET time_zone = "+00:00";


/*!40101 SET @OLD_CHARACTER_SET_CLIENT=@@CHARACTER_SET_CLIENT */;
/*!40101 SET @OLD_CHARACTER_SET_RESULTS=@@CHARACTER_SET_RESULTS */;
/*!40101 SET @OLD_COLLATION_CONNECTION=@@COLLATION_CONNECTION */;
/*!40101 SET NAMES utf8mb4 */;

--
-- Database: `tubes_basdat`
--

-- --------------------------------------------------------

--
-- Table structure for table `average_rating_dashboard`
--

CREATE TABLE `average_rating_dashboard` (
  `category` varchar(7) DEFAULT NULL,
  `average_rating` decimal(3,2) DEFAULT NULL
) ENGINE=InnoDB DEFAULT CHARSET=utf8 COLLATE=utf8_general_ci;

--
-- Dumping data for table `average_rating_dashboard`
--

INSERT INTO `average_rating_dashboard` (`category`, `average_rating`) VALUES
('Apparel', '8.44'),
('Beauty', '8.64'),
('Drug', '6.93'),
('Jewelry', '8.04'),
('Shoes', '8.28');

-- --------------------------------------------------------

--
-- Table structure for table `category_review_dashboard`
--

CREATE TABLE `category_review_dashboard` (
  `category` varchar(7) DEFAULT NULL,
  `review` varchar(2505) DEFAULT NULL
) ENGINE=InnoDB DEFAULT CHARSET=utf8 COLLATE=utf8_general_ci;

--
-- Dumping data for table `category_review_dashboard`
--

INSERT INTO `category_review_dashboard` (`category`, `review`) VALUES
('Apparel', 'really work great tweaking really work great need know things ive using mine years first paid dollars less mine price jumped theyre imported try find either cheaper one one thats extremely well made one made well enough youre careful thing cut dont let kid use 34because looks like fun34 need pineapple thats big enough cant tell many times went walmart grocery store pineapples small diameter big enough better waste inside huskbr br im finished using pineapple corer cut husk pineapple get rest pineapple cut save core pineapple go iced tea pitcher drink pitcher thats hawaii hawaii never threw away core always used something sometimes even grilled although ive never tried know honey kind teriyaki people also left chunks pineapple husk grilled meat side grill eat chunks grilled pineapple use husks like little bowl dont grill husk part also keep husk whole like bowl take center core fill full fruit salad use drink container dessert containerbr br someone told like make pineapple greek yogurt fill freeze short time ive never tried ive made pineapple cheesecake thats delicious know tricky working pineapple sometimes know youve ever tried make jello put pineapple yikes bromelain pineapple keeps gelatin setting great antiinflammatory helps digestive tract tummy feel better enzyme interferes jello setting upbr br washing extra carful wash separate use tooth picks get pineapple gets stuck little crevices always put parts back box make sure everything dry thats make sure pineapple big enough get pineapple work clean corer protect hands thats thank readingsame enzyme interferes jello setting upbr br washing extra carful wash separate use tooth picks get pineapple gets stuck little crevices always put parts back box make sure everything dry thats make sure pineapple big enough get pineapple work clean corer protect hands thats thank reading'),
('Apparel', 'favorite winter warm love dress absolute favorite winter heavy material stretchy shows shape well 5ft 7 120 lbs ordered 28 fits fine tight loose confortable live nd keeps warm winter cold get hot got winter perfect order anothwr different colorbr 0'),
('Apparel', 'great socks money nice socks great colors enough support wearing good pair sneakers'),
('Apparel', 'slick hat bought husband wow slick hat high quality craftsmanship said sits comfortable gets compliments constantly highly recommend hat'),
('Apparel', 'would perfect dress customer service awesome'),
('Apparel', 'five stars excellent 6 feet skinny 15 years old boy'),
('Apparel', 'love raw way go absolutely love wallet continue buy forever ever'),
('Apparel', 'three stars bit large'),
('Apparel', 'five stars great fit'),
('Apparel', 'favorite shirt bit long heavy hem inhibits turning cut bottom two inches around somewhat comfortable overall material bit heavy liking'),
('Apparel', 'jockey womens underwear true size jockey womens underwear true size choice underwear purchase past'),
('Apparel', 'five stars cup size right seems little tight around might new'),
('Apparel', 'five stars perfect'),
('Apparel', 'best ever4 menwoman size men 42448 best ever4 menwoman size men 42448 4042 7 3840 6 guy waist size hold man place nylon 100 best ever 30yrs love sleep black gym slakes blue jeans chnage clothes gym ask kind underwears reply hey6262 get pair vanity fair'),
('Apparel', 'five stars great fit'),
('Apparel', 'five stars columbia 5 colors wear time'),
('Apparel', 'four stars husband found comfy second order'),
('Apparel', 'awesome leggings awesome leggings 54 215lbs huge chunk weight thighs butt exaggerating 30 inch thighs 52 inch butt 37 inch waist leggings buttery soft see even sunlight purchased glyph idc black white color one speaking im impressed ordering asap'),
('Apparel', 'sizes correct big overall way long ordered size ordered last time shirts much larger previous order also 6 inches longer like sent mens shirts instead boys shirts ill returning'),
('Apparel', 'one star exact sizing'),
('Apparel', 'warm pajamas love pajamas prepared warm definitely meant cold winter weather besides beautiful'),
('Apparel', 'three stars like way fit feel day wish werent expensive'),
('Apparel', 'pretty colorthese glamorise bras amazingthey hold day pretty colorthese glamorise bras amazingthey hold day long complaint think bottom band rolls sit downbut universal bra issue think'),
('Apparel', 'summer jeans excellent one levis'),
('Apparel', 'five stars love sweat shirt'),
('Apparel', 'nice sweatshirt neck bit saggy nice sweatshirt'),
('Apparel', 'quick arrival colors great fits expected'),
('Apparel', 'five stars thank much beautiful'),
('Apparel', 'arrived quickly looks image comfortable second tank ordered wear often wash well receive many compliments'),
('Apparel', 'expensive cinch sak buy jacket amazon simply worst jacket ever bought bought jacket teenage daughter color color person even worse thick fluffy like looks literally thin mailed rei mailer size manila envelope thought must mistake unfortunately mistakebr really wanted buy daughter nice jacket one would last several years saved money thinking north face good reputation embarrassing talk product see great unveiling thin uninsulated little cinch sakbr save time money buying returning see person determined buy style brand wallet thank'),
('Apparel', 'great gift keep mind never seen product ordered dad birthday gift called say thank much loves color able mix suites make statement called tell really like set though modern feel look almost make feel like gift ive gotten actually likes either way great gift'),
('Apparel', 'five stars great fit love print probably order'),
('Apparel', 'five stars awesome fit hot style love'),
('Apparel', 'excellent rfid wallet received rfid blocking leather wallet first thing noticed pebbled texture soft love flip window makes showing identification quick convenientdont worry leaving id behind also navy blue stripe patterns inside billfold section nice touch 8 credit card slots pack plastic slim design nothing bulky course rfid protection built wallet best feature nice worry scanning devices wireless identity theft'),
('Apparel', 'roomy soft touch love wallet first thing noticed soft flexible wallets tend bit stiff even completely empty one flexible enough comfortable keep pocket wallets leather soft pebbled texture itbr br wallet also nice look lining inside black white striped thought bit interesting grew pretty quickly edges wallet arent rough seams well donebr br wallet plenty room hold everything need put also really like two spots cash papers back like able keep cash separate anything else isnt possible wallets rfid blocking great additional feature really appreciatebr br love wallet also great wallet giftingbr br received item discount exchange honest review'),
('Apparel', 'loves im size 34b size b fit perfectly comfortable feels like wearing practically nothing wore club dress forgot even wearing bra give tatas enough cleavage also simple clean worn probably buy future'),
('Apparel', 'five stars fine'),
('Apparel', 'really nice socksgood quality super nice comfortable socksi got colors loved itbr thanks great service'),
('Apparel', 'cute dress please advised cute dress cute dress please advised cute dress runs small size would definitely need order couple sizes even three sizes larger normal im 5 34334 much shorter expected also sheer would definitely wear slip would definitely cute dress wear could fit'),
('Apparel', 'nice solid fit great running yoga pilates classes love tank fits 12 size smaller suggest ordering size great quality tank top'),
('Apparel', 'pants great one thing pants great one thingit wasnt right color apparently grey means khaki thats none businessbr seriousness fit great would loved gotten right color'),
('Apparel', 'dress looks great dress looks great wrap front hides tummy bulge eat suck stomach wear girdle wish came colors'),
('Apparel', 'five stars high quality shirt quick shipping'),
('Apparel', 'disappointed product piece doesnt look anything like picture dont waste money something end regretting return company horse'),
('Apparel', 'wrong place puerto rican flag'),
('Apparel', 'quality good amazing quality goodproduct arrived time described buy seller'),
('Apparel', 'shirt arrived fine soon opened shirt arrived fine soon opened could tell would dress shirti 5334it hits mid thigh shirt large fault seller since ordered little large size lot larger expected everything else great though love feel shirt soft wanted different color black gives excuse get another shirt'),
('Apparel', 'five stars love love love shirt fits good comfy'),
('Apparel', 'reasonable prices thanks clear jewelry drawer loving item'),
('Apparel', 'comfy usually wear around comfy usually wear around house dont think pull long enough awesome soft flowy comfy id buy different colors thought could pull outside house'),
('Apparel', 'super comfortable cute cute stretchy got patten shown default worn numerous times super comfortable cute stretchy foldover waist allows adjustments length fit well hips'),
('Apparel', 'one star dress top cheap fabric linen nothing see photo'),
('Apparel', 'love perfect fit comfortable item shipped fast love'),
('Apparel', 'five stars great detail cheap'),
('Apparel', 'dress cute top runs small dress cute top runs small bottom longim going cut top make skirt'),
('Apparel', 'cute henley shirt purchased winter white like like henley style neckline comfy cute never go wrong blair clothing'),
('Apparel', 'great curvy body great fit curvy build sexy quality fabric love'),
('Apparel', 'excellent warmer heat settings great excellent warmer heat settings great size warmer perfect portable im happy'),
('Apparel', 'far tell seems produce good sound son wanted learn play got learning loves guitar light enough fromhim far tell seems produce good sound'),
('Apparel', 'one star eastern washington universitys mascot eagle bulldog whoops'),
('Apparel', 'five stars best'),
('Apparel', 'satisfied beautiful organizer fixed wall bathroom looks good put nail polish different body lotions hair products mandy room different things shipping fast love'),
('Apparel', 'five stars love clever design'),
('Apparel', 'love denim wash love denim wash ive using past year jeans still look new longer issues fading like normal detergents little goes long way stuff lasted nearly year'),
('Apparel', 'material thin see cheap material fit properly extremely see worth price'),
('Apparel', 'two stars thats right house picture kraken house greyjoy'),
('Apparel', 'great staple fall winter super soft stretchygreat fall winter thank'),
('Apparel', 'absolutely love dress absolutely love dress perfect bought size larger knowing reviews ran small im normally medium bought large fit perfect say enough'),
('Apparel', 'two stars like picture looks cheap'),
('Apparel', 'comfortable wearing comfortable wearingcheap price nice fabric'),
('Apparel', 'disappointed shadows beautiful wifes review productbr got amazon little skeptical hopeful buy lot makeup eyeshadow tends weaknes wanted large range colors hoping would really pigmented disappointed shadows beautiful really easy blend super vibrant like much super high end brands'),
('Apparel', 'quality seems pretty good cant wear quality seems pretty good cant wear usually wear l size 10 xl way small mebr br received item discounted price exchange honest unbiased review'),
('Apparel', 'must tiny waist wear runs small need tiny waist wear style adorable buttons front fully lined ordered large per size chart normally wear 8 4 inches small waist orange white colors pretty style cut length great sizing way offbr received product discount exchange unbiased review opinions ownbr also ordered cotton heather grey skirt xl normally wear 8 xl perfect back zipper works well thick waist pleats make fit well look cute two pockets falls knee cute comfortable'),
('Apparel', 'small sadly didnt get wear small big top straps small butt sucks really wanted try feel fabric felt like made correctly cheaplybr br bought discount honest review'),
('Apparel', 'come suspenders really looking forward skirt looked nice suspenders picture however mine come suspenders skirt also runs small able comfortably wear size issue suspenders nice skirt stretchy polyester feel buttons front sewn securely theyre going fall br br received discount exchange honest unbiased review'),
('Apparel', 'pretty summer top color nicer expected really didnt expect much workmanship lucky top received great ink run material light enough wash sink cool water let drip dry little big supposed swingy happy purchase'),
('Apparel', 'bought wife fit bought wife fit little baggy likes lot'),
('Apparel', 'like shirt like shirt light weight cling much skin thing like boxy pictured works may work everyone'),
('Apparel', 'comfortable shirts received one shirt one nice tee shirt material extremely soft lightweight cute little decorative pocket front seems well made fits really good comfortable wear love material clingy shirt bit longer got grey tiffany color turquoise pretty colors look like pictures also got long sleeve grey one lace back fits really good little heavier weight material tee shirts lace back dresses littlebr disclaimer received item discount honest review'),
('Apparel', 'versatile every wardrobe 95 cotton 5 spandex make form fitting tank top adjustable removeable straps great tank every wardrobe worn tops dresses without straps snug fitting strapless kinda machine wash gentle tumble dry low ordered xl per size chart normally wear size 8 36c bra top tight fitting comfortablebr received product discount exchange unbiased review opinions'),
('Apparel', '5 stars 5 stars purchased product discounted price exchange honest review'),
('Apparel', 'fits little odd across chest like style cute cute top fits little odd across chest like style cute nice material cheap'),
('Apparel', 'great quality like colors vibrant great quality like colors vibrant pictured fits smaller expected usually wear ml xl fits perfectly mebr br received item discounted price exchange honest unbiased review'),
('Apparel', 'five stars deez nuts trump hillarybr deez nuts rule land'),
('Apparel', 'shame racist protest nypd ashamed'),
('Apparel', 'actually comfortable breathable shipping unbelievably fast ordered wear con atlanta worried going hot wear expecting fabric thick stiff actually comfortable breathable mix cotton linen much like shirts wear florida heat dont expect worry heat exhaustion even though long sleeved update con well performs fit bit looser expected thats actually good thing case 4834 chest ordered xlarge according size chart expecting shirt come bit small overweight gut definitely exceeds chest size shirt actually little loose sleeves long thats normal order larger sizes overweight arm length increases well problem resew button cuff make cuff size smaller make cuff stop touches top hand instead hanging hand almost forgot shipped amazingly fast expecting take nearly week without prime shipping worried might arrive convention next week amazingly arrived time amazon prime items ordered along'),
('Apparel', 'one star design stolen olipop dont buy'),
('Apparel', 'great hoop easy mount install exactly ecpected great hoop easy mount install well made'),
('Apparel', 'five stars dress amazing love comfy sexy'),
('Apparel', 'five stars beautiful dress must get another color'),
('Apparel', 'rates makes easy access ever hat wanting bought help organize kids play hats dress lot costume trunk really full rates makes easy access ever hat wanting well made easily put together'),
('Apparel', '5star nice dress coat'),
('Apparel', 'nice shirt exactly shown looks fits good white insert instead white piping shown'),
('Apparel', 'lovely especially nice family bike ride great speed lovely especially nice family bike ride great speed safe childrens ride family trips hiking trips rides lovely'),
('Apparel', 'nice dress price purchased dress wear wedding 5234 150 lbs curvy hourglass shape style dress accentuates good areas minimizing focus bad areas however since bit short side dress falls bit longer would wanted past knees purchased purple'),
('Apparel', 'five stars must buy use everyday helps keep dirty clothes clean clothes organized also easy move h would like fold moving'),
('Apparel', 'much say love thing perfect anyone much say love thing perfect anyone lot clothes less storage knows im talking must buy'),
('Apparel', 'five stars really great u muscles work specifically athletes works great little spasms u tend get helps increase speed love'),
('Apparel', 'fun comfortable different fun comfortable perfect back'),
('Apparel', 'thanks much really love chair comfortable easy put away'),
('Beauty', 'five stars love excellent sun block'),
('Beauty', 'thank alba bontanica great thing cream doesnt smell weird like chemical laden ones get nice healthy unfake looking tan isnt orange makes skin soft'),
('Beauty', 'five stars great product im 65 years old claims'),
('Beauty', 'good deal use shower caps conditioning caps like theyre bulk saves lot money'),
('Beauty', 'soaks quick provides nice base makeup goto daily sunblock leaves white cast clean pleasant scent youre makeup wearer soaks quick provides nice base makeup ive using brand year daily use tube last couple months'),
('Beauty', 'four stars good'),
('Beauty', 'good buy great eyeliner run little bit corners times overall keep eyes day long'),
('Beauty', 'five stars best makeup remover'),
('Beauty', 'tame wild mustache great product im latest stab major beard always seem start growing hottest months mustache going particularly awkward phase growth wax really helps keep place way look neater actually eat drink without collecting big mess youre going get favor get good mustache comb'),
('Beauty', 'like nothing thought would darken lashes even though clear like nothing sadly threw away'),
('Beauty', 'good product great small mixtures eos especially traveling gave 4 stars orifice reducer hole small hard get oil needs slightly bigger'),
('Beauty', 'optimum oral health got nice size compact looking forward gum massaging wore last model'),
('Beauty', 'love cream wish discovered years ago leaves curles super defined soft still need put gel spray last though super recommend'),
('Beauty', 'works much better store bought lotion bought make lotion mixed shea butter coconut oil together works much better store bought lotion want get raw cocoa butter mix next batch'),
('Beauty', 'five stars tint awesome seller dont even send one sample'),
('Beauty', 'great product fast delivery im love unique fits decor beautifully couldnt ask better seller received product date promised'),
('Beauty', 'smell cheap given product exchange review say wow love perfume great scent notes little heavy really like overall get headaches easily doesnt seem smell cheap wonderful fragrance lot money love give try'),
('Beauty', 'five stars magical everybody noticed skin change right away'),
('Beauty', 'love razortrimmer works fantastic razor leaves legs really smooth unlike disposable razors ive used razor runs acrossed skin smoothly dont feel like anything trimmer trimmer trims meant skin shave gets close enough run razor boom smooth'),
('Beauty', 'five stars excellent battery tooth brush'),
('Beauty', 'works okay styling aid doesnt give straight hair fun beachy look tresemme product creating beachy looking hair whether curly straight hair straight hair without real body beachy look isnt good look unlike younger years loosely permed hair hair would look great beach even swimming ocean half day tried twisting hair styling per instructions straight hair didnt look good hair ended looking stringy sloppy unstyled fair dont think spray product could give awesome beachy look due straight hair typebr br spray tresemme damp hair blow dry usual round brush adds little lift volume texture straight hair one product add routine doesnt substitute hair gel product still need finish zero weight gel shaping hair separation taming flyaway hairs tresemme may work great curly wavy hair straight hair doesnt create attractive beachy look work okay styling aid one product add routine live without okay'),
('Beauty', '5 stars skin feels soft smooth since using'),
('Beauty', 'even dentist didnt know dry mouth lozenges solve problem night dont take anyones opinion including mine invest one box find truth'),
('Beauty', 'great shave ditch plastic great shave'),
('Beauty', 'great sensitive eye cream perfect lightweight eye cream sensitive well extra bonus know sensitive eye area going continue using eye cream'),
('Beauty', 'fun item love different tip sizes'),
('Beauty', 'two stars expected'),
('Beauty', 'great lashes great bargain love lashes another great dupe red cherry lashes'),
('Beauty', 'great product great value great product great value gone first bottle best benzoyl peroxide product ever used pump bottle nice feature'),
('Beauty', 'use get another one sonicare brushes use get another one sonicare brushes model would die 3 months found brush cheaper one using one works well havent die many months ive well worth money'),
('Beauty', 'theyre okay powder puffs pretty much okay wish fluffier bigger'),
('Beauty', 'better pedi first ill say im skeptical ive tried tons products promising new skin heels fancy youll never want wear shoes nothing worked heels probably typical women go gym wear sandals summer wear 34cute34 shoes kill us use pedi egg various 34sanders34 beauty brands time shower though simple things like homemade foot scrubs sanding lotion help nothing mean nothing worked like product weeks weeks researching humming hawing went sale bought heres tip success soak feet take nice long bath used bubbles made nice tea brought ipad watched 40 minutes tv pass time hate baths part hardest dried feet little still prune toed bath slipped pregel booties put pair husbands socks help keep place left mine 90 mins suggested blogger rinsed feet sheen smelled nice watched foot peel day 2 soaked feet foot bath 30 mins nothing exciting feet felt relaxed hot water day 3 whoa big toe previously callused peeled little couldnt help pick tiny bit reveal new skin felt like giant mound dead skin day 4 sides feet started peel along heels tiny bit continued soak daily 2045 mins also wearing socks sneakers week ive also sent texts multiple friends disgusted day 5 magic starts happen peelingeven around toenails thought nothing bad happening apparently dry dead skin resided right im day 8 majority peeling taking daily foot soaksbaths using washcloth rub dead skin foot bath today peeled little hand couldnt help much peeling happening theres bits lay bed rubbing sandpaper feeling feet together images silk feet pop head feel nice cracks calluses gone ill probably shed another day two done ill buy product recommend expensive pedicure woman dare try ive even done pedi razor cut skin heels worth felt pain feet look amazing theres really nothing besides trying hide feet molting youre diabetic allergic reactions fruit acids alcohol recommended 34help peeling34 along could hurt warnings package comes happy shedding everyonea washcloth rub dead skin foot bath today peeled little hand couldnt help much peeling happening theres bits lay bed rubbing sandpaper feeling feet together images silk feet pop head feel nice cracks calluses gone ill probably shed another day two done ill buy product recommend expensive pedicure woman dare try ive even done pedi razor cut skin heels worth felt pain feet look amazing theres really nothing besides trying hide feet molting youre diabetic allergic reactions fruit acids alcohol recommended 34help peeling34 along could hurt warnings package comes happy shedding everyone'),
('Beauty', 'great product advertised works much better manual toothbrush'),
('Beauty', 'temple overwelmed nice amount insence strong smell lasts long time use week nice find amazon'),
('Beauty', 'love lasted forever heats supper love lasted forever heats supper fat reat u hurry couldnt figure turn beginning hold 10 button'),
('Beauty', 'five stars gift friends loved'),
('Beauty', 'refreshing item arrived time described usually stay away rose scented products like way rosewater smells overwhelming use refresher face hot humid days'),
('Beauty', 'five stars good'),
('Beauty', 'five stars always'),
('Beauty', 'wonderful product got package 8 days ordering honestly think thats good timing everything advertise correct see photos im pleased come shape fact little longer nail arnt thick would issue arnt thin snap either kinda middle didnt file much little top due bit rough edges also used 100 acetone get worked perfectly highly recommend product seller looking types fake nails'),
('Beauty', 'fantastic products received clogged pores natural cleansing kit ten days ago since using daily wash moisturize facebr first let strt presentation kit came cute package box really liked pretty ws definitely looks like good gift friend love containers products renin box soap opens like flower holds bar place lotion secure glass jar feels like high quality durable products look nice counterbr br soap smells wonderful really like washing face leave dry sticky like cleansers cut soap four squares control much use betterbr br moisturizer fvorige part feels wonderful skin little enough cover whole face though sometimes two layers enjoy feeling really nice feels wonderfulbr br effectiveness products using em 10 days face feel little cleaner smoother softer dramatic change using short time expect greater results time update review accordingly thank aya natiral'),
('Beauty', 'five stars absolutely love fragrancebr always get compliments wearing'),
('Beauty', 'pleased bright apply make pleased'),
('Beauty', 'meets need temporarily n good product'),
('Beauty', 'good product ships quickly 2nd bottle good product ships quickly'),
('Beauty', 'wonderful eyeliners pencils use excellent eyeliners 34pencilstyle34 eyeliners use normally trouble pencils hard actually show well even skilled applying pencil liner notbr br really shimmer little trying put large bits glitter next eye either lighter colors ie gold dont show super well pale skin especially also wearing shimmery eyeshadow keep mind gold would look awesome darker skin without shadow make work without shadow pale skin wellbr br last day one following conditionsbr br 1 dont oily eyelidsbr 2 use setting powder finishing powder like translucent one elfbr 3 wear primer powder eyeshadowbr br oily eyelids dont 2 3 migrate trust done thatbr br wear contact lenses somewhat sensitive eyes give trouble great come easily enough makeup remover wipe dont need special remover get offbr br please note definitely shop around get best deal manufacturer good deals especially holiday shopping season'),
('Beauty', 'heats fast curls last however please heats fast curls last however please advised clips hold rollers place leave marks hair'),
('Beauty', 'three stars ive used long results yet honest review discount'),
('Beauty', 'good good'),
('Beauty', 'three stars help feel makes worse still bags eyes'),
('Beauty', 'satisfied nice hair gel pleasing scent holds medium longish hair day ive noticed dont use much gels keep hair doesnt become cementlike holds hair even im work sweating day also washes easier gels end day easier clean also would recommend friend'),
('Beauty', 'good buy color great comparable better nars liquid lipstick daredevil thats say dupe consistency finish different noticeable thing finish patchy wouldnt say deal breaker especially brickandmortar store bought 399 sight unseen tester matte dries somewhat quickly ends quite thick color chic although little different photo id say less mutedless burgundy good buy highest quality patchinessbr br edit writing review color backstage see colors kind mashed one listingbr br color stunner another one thing say think 34too purple34 go ahead spend five bucks probably purple purple enough'),
('Beauty', 'three stars nice iwll buy'),
('Beauty', 'great product husband happy product'),
('Beauty', 'five stars nice iwll buy'),
('Beauty', 'face kids said burned eyes'),
('Beauty', 'say works wonderfully skin either standalone foundation although packaging could improved end much powder dispenser applying say works wonderfully skin either standalone foundation multiple layering top layer liquid foundation happy found product'),
('Beauty', 'one star burned arms gave someone else would buy'),
('Beauty', 'bad quality frames nice looking glasses arms glasses two pieces connected together opened glasses noticed one arms connected slid apart putting glasses contacted amazon return glasses order replacement pair replacement pair arrived saturday guess exact problem pair returned horrible quality'),
('Beauty', 'smudge proof amazing great mascara big tube triangular top downside mascara fact smudge proof waterproof blonde eyelashes full long wear black mascara tend look like falsies want mascara going stay put make look even fuller mascara perfect smaller wand making easier apply 1 coat needed dark full looking set eyelashes love itbr br sample provided'),
('Beauty', 'extremely disappointed size products ordered extremely disappointed size products ordered appeared much much larger photos reality products actually small inconvenient use intended purpose'),
('Beauty', 'love hair looks use tool works faster old smaller three barrel iron love hair looks use tool modern waves'),
('Beauty', 'using 6 days using 6 days im sure given product fair chance need write ive used least 3 weeks'),
('Beauty', 'feel like cannot live without using cream years feel like cannot live without'),
('Beauty', 'five stars amazing id like receive offer one pack buy'),
('Beauty', 'four stars magnification great putting eye makeup use travel great idea'),
('Beauty', 'save money months really hasnt noticeable difference'),
('Beauty', 'really ewxpected like mens facial products clubman favorite mine got facial product really knowing sooths irritation found product nothing special first put overcome alcohol smell dissipate past though imagine ispropyl alcohol gel form remaining scent smells like floral clubman like overpowering though disappears fast product dissipate quickly maybe absorb skin left sticky tacky feeling skin putting moisturizer balm cant imaging leaving facial skin alone putting stuff onbr use purchasing'),
('Beauty', 'ball roll pretty well trouble simply due 2ml tiny ball roll pretty well trouble simply due size constraints'),
('Beauty', 'smells nice much product price smells nice much product price seems contain good amount tea tree oil feel using thin works great using demodex overpopulation keeps bay'),
('Beauty', 'since substituted product serum extremely happy use night wasnt sure product working clear skin month stopped using week picking back turns product really seem work biggest concerns breakouts wrinkles sun spots using prescription retinol product deal issues since substituted product serum extremely happy use night moisturizer would highly recommend'),
('Beauty', 'high quality sleeping mask contours face live streetlight lit area even blackout curtains trouble falling asleep one thing ive noticed really helps sleeping masks said ive tried quite havent found one completely blocked light comfortable wear mask different possibly one best ive ever worn bed purchased homemade one etsy still favorite like owl print one half price good quality im rating 5 starsbr br first thing noticed sleeping mask thickness light going get mask seems little bulky first especially youre used thin silk masks commonly sold said get used wearing something like youll notice significant difference amount light gets truly create blacked environment really nicebr br mask fit head perfectly pretty average head size think fairly say mask adjusted fit anyone mask adjusted little sliding adjusters clasp back secures mask around head company boasts clasp wont snag hair snaggly fine hair far hasnt gotten tangled hair although sometimes accidently clasp strands hair clip pulls roll around put hair low pony tail avoid problembr br one thing really love mask contoured fit around bridge nose sleeping masks dont adequate fit around nose small gaps light get case mask fits snug around curves face literally light gets something etsy eye mask feature really appreciated specific mask jewish nose big nose fits well itbr br overall really like mask clasp sometimes clips onto hair thats fault careful great product quality sewn made good materials pretty leafy design got emerald forest print fits well face id definitely recommend mask anyone looking sleep aid itd make great gift comes pretty boxk feature really appreciated specific mask jewish nose big nose fits well itbr br overall really like mask clasp sometimes clips onto hair thats fault careful great product quality sewn made good materials pretty leafy design got emerald forest print fits well face id definitely recommend mask anyone looking sleep aid itd make great gift comes pretty box'),
('Beauty', 'love add tea tree oil hair products love add tea tree oil hair products help scalps smells amazing tea tree many great benefits wonderful dealing skin bacteria dropper makes easy get perfect amount every time'),
('Beauty', 'favorite makeup remover pads favorite makeup remover pads however opened first jar pads bit dried sure older stored properly still get job done use several pads instead two local drugstore stocks get'),
('Beauty', 'like fresh breath feel using crest pro health like fresh breath feel using crest pro health advanced mouthwashbr trust review part shopper army'),
('Beauty', 'good razor good price good razor good price'),
('Beauty', 'god may things looked god may things looked n line wil using sorts home remedy34sbr received review'),
('Beauty', 'color like pics wash nicely exactly described tight fit color like pics wash nicely'),
('Beauty', 'wouldnt write home like doves men line good great scent fine subtle good job lathering nothing notable wouldnt recommend soap brands also wont decry theres good enough okay'),
('Beauty', 'great price fast described great price fast shipping'),
('Beauty', 'four stars little darker wanted coverage great'),
('Beauty', 'five stars true long lasting results'),
('Beauty', 'good colors though fan one much id much prefer naked palette good colors though alright price'),
('Beauty', 'happy never smoked always 34puckered34 lips went put lipstick day saw pleasant surprise lips smooth unwrinkled happy'),
('Beauty', 'five stars love colorlike muted pink perfect'),
('Beauty', 'five stars best lotion ever used'),
('Beauty', 'five stars excelente'),
('Beauty', 'five stars compact easy use traveling'),
('Beauty', 'dont really like often makes neck hurt worse dont really like often makes neck hurt worse maybe fat hard'),
('Beauty', 'great scent reasonable price son loves hard find shelves stores great scent reasonable price'),
('Beauty', 'heathy lovely smelling frizz free hair hallelujah love thick great smelling shampoo conditioner hair highlighted regularly gets keratin treatments living humid south product keeps hair smooth healthy ps little goes long way'),
('Beauty', 'five stars nice oil enjoy brand'),
('Beauty', 'high quality tweezerman like impressed tools high quality 34tweezerman34 like impressed'),
('Beauty', '5 star great productdoes jobreasonably priced good product good price product difficult find store shelves wife uses swimming pool important available get cholrine getting quantity makes life simple product excellent job recommend'),
('Beauty', 'five stars great product'),
('Beauty', 'junk going use shaving junk worth four bucks'),
('Beauty', 'deva light defining gel shout lightly curled hair used every product imaginable hair need volume holding quality deva light good hair job well tested animals use deva products find fairly priced excellent curly hair nothing said amazon always time helpful people phone great service'),
('Beauty', 'like mouthwash like mouthwash great taste seems work feel like mouth cleaner taste pretty good slight taste sure describe first tasted little like bubble gum changes back mint burn real plus hate mouthwash burnsbr trust review part shopper army'),
('Beauty', 'five stars great product'),
('Beauty', 'love use straight use dry aging skin care love use straight bottle also add serum make moisturizes conditions skin feels looks fabulous cant say enough price great'),
('Drug', 'side effect take combination bystolic 5 mg fish oil'),
('Drug', 'son halfway fourth week intuniv became concerned began last week started taking highest dose two days could hardly get bed cranky slept nearly 8 hours drive home school vacation unusual called doctor monday morning said stick days see school getting morning last two days problem free much agreeable ever less emotional good thing less cranky remembering things overall behavior better tried many different medications far effective'),
('Drug', 'used take another oral contraceptive 21 pill cycle happy light periods max 5 days side effects contained hormone gestodene available us switched lybrel ingredients similar pills ended started lybrel immediately first day period instructions said period lasted two weeks taking second pack two weeks third pack things got even worse third period lasted two weeks it039s end third week still daily brown dischargethe positive side didn039t side effects idea period free tempting alas'),
('Drug', 'first time using form birth control i039m glad went patch 8 months first decreased libido subsided downside made periods longer 56 days exact used periods 34 days max also made cramps intense first two days period never cramps using birth control happy patch'),
('Drug', 'suboxone completely turned life around feel healthier i039m excelling job always money pocket savings account none suboxone spent years abusing oxycontin paycheck already spent time got started resorting scheming stealing fund addiction history you039re ready stop there039s good chance suboxone put path great life found sideeffects minimal compared oxycontin i039m actually sleeping better slight constipation truly amazing cost pales comparison spent oxycontin'),
('Drug', '2nd day 5mg started work rock hard erections however experianced headache lower bowel preassure 3rd day erections would wake amp hurt legankles aches severe lower bowel preassure like need go 2 can039t enjoyed initial rockhard erections side effects 230 months supply i039m 50 amp work 3xs week worth side effects'),
('Drug', 'pulled cummed bit took plan b 26 hours later took pregnancy test two weeks later i039m pregnant'),
('Drug', 'abilify changed life hope zoloft clonidine first started abilify age 15 zoloft depression clondine manage complete rage moods control depressed hopeless one second mean irrational full rage next dr prescribed 2mg abilify point feel like cured though know i039m bipolar disorder constant battle know abilify works tried get lost complete control emotions went back golden 5mg 2x daily 21 better ever past side effect like eat lot'),
('Drug', 'nothing problems keppera constant shaking arms amp legs amp pins amp needles feeling arms amp legs severe light headedness appetite amp etc'),
('Drug', 'pill many years doctor changed rx chateal effective really help completely clearing acne takes 6 months though gain extra weight develop emotional health issues stopped taking bc started using natural method birth control started take bc hate acne came back age 28 really hope symptoms like depression weight gain begin affect older i039m also naturally moody may worsen things negative mental rut today also hope doesn039t push edge believe depressed hopefully it039ll like younger'),
('Drug', 'medication almost two weeks started 25mg working way 100mg currently 50mg headaches far 23 crippling migraines week lost 52lbs far note really paying close attention eating lot weight lose weight loss side effect want help along much side effects word recall issues exist memory issues worst seems vision disturbances times driven i039m sure would safe good news seems wearing offi tons energy great mood'),
('Drug', 'taken antidepressants years improvement mostly moderate severe side affects makes go themi take cymbalta mostly painwhen began deplin noticed major improvement overnight energy better disposition sinking low lows major depression taking 3 months feel like normal person first time ever best thing side effects'),
('Drug', 'crohn039s resection 30 years ago mostly remission since recently bad flare narrowing anastomosis need medication haven039t found one handle asacol gave serious body aching fatigue could function pentasa immediately gave heart palpitations arrhythmias discontinue'),
('Drug', 'little bit lingering cough cold giving much trouble except keeps night heard good took could get sleep helped tremendously cough bad stomach cramps diarrhea hadn039t eaten anything upset stomach didn039t really feel like quotbugquot looked side effects delsym wish done first probably wouldn039t taken worked cough still didn039t get sleep due stomach issues'),
('Drug', 'started nexplanon 2 months ago minimal amount contraception039s take due inability take hormone used birth controls i039m trying give time one options right honestly options i039d get removedi039ve never acne problems life immediately broke getting implanted sex drive completely gone used sex boyfriend days week completely forced even fun anymore mean i039m birth control like sex don039t want get pregnant take birth control takes away sex unhappy hope get back time i039m getting removed'),
('Drug', 'taking saxenda since july 2016 severe nausea month got 26 dosage since subsided side effect notice dry mouth make sure drink 25 litres water day 10 glasses helps weight loss well constipation reducing dose find comfortable spot still losing weight don039t feel like medicating 18 working well also feel wearing fitbit really helped track food water exercise steps keeps moving started could barely walk length without getting winded lost 58 lbs far'),
('Drug', 'drug worked well cleared uti matter 48hrs although 7 day course 2x200mgdaily unfortunately tablets finished infection returned needed 2nd course i039m currently taking low dose evening keep infection bay specialists tests normally get every side effect going dread taking new medication form especially horrific experience ciorofloxacin side effect experienced itchy ankles feet day two didn039t last third day would class minor side effect insignificant good luck'),
('Drug', 'i039ve taking amitriptyline since january 2013 diagnosed fibromyalgia tried cymbalta week dr decided since kept awake 247 wasn039t good fit even though relieved pain started 25 mg 2 weeks breakthrough pain dr increased dosage 50mg i039m still dosage today first full year never pain felt 039cured039 time went seems help control pain still pain low manageable level take around 7pm evening avoid feeling overly drowsy mornings med allows fairly normal life'),
('Drug', 'i039ve every medicine sun seems manage hypomania mania bipolar2 within days starting lamictal tegretol someone turned light head way quotnormalquot people think one first things struck sleep like log irritability almost anger would considered normal able focus creative impulsive thoughts decreased enough manageable it039s god send would perennially state hypo mania sounds great physically emotionally exhausted libido markedly lower wonder perhaps effect hypo manic take 20 mg anxiety'),
('Drug', 'tasigna 3 years 300mg x 2 times day tasigna worked within weeks remission basically entire 3 years side effects feel sick stomach tired severe leg arm pain can039t walk long without needing break went working full time working tired time hey remission alive really problem nope'),
('Drug', 'spring 2008 hospitalized pnuemonia diagnosed lyme diease full blown aids cd4 count quot11quot viral load number high millions could never remember taking combivir kaletra dapsone 1st year stopped working started kaletra dapsone cd4 count 209 rising weeks aggressive broke dishes house lol take vitamin supplements drink boost pluz every day life good'),
('Drug', 'insomnia it039s horrible story begins pcp prescribing prozac help intestinal issues desperate tried 3 weeks stopped insomnia prescribed ativan addicting rebound insomnia 14 days hardly sleep l tried doctor one time asked trazadone told good medication insomnia put 25 mgs stated may figure dosage best currently taking 100 mgs low range prescribed 400 mgs high end insomnia dry mouth nasel congestion live sleep yeah'),
('Drug', 'nexplanon job worry free sex thing periods sometimes light sometimes heavy sometimes go away sometimes show unexpected also feel somewhat depressed sure nexplanon i039ve nexplanont 2 months despite side effects effective birth control i039ve ever used plan taking'),
('Drug', 'live western australia disturbed comments cost embrel cost ordinary prescription 36 government pays remainder cost chemist also go medical centre every saturday morning dr looks prescription advises nurse administer injection also cost part nurses duties unsure country people made comments referring cost nobody administer injection lucky live australia best health system worldwide everybody given opportunity receive proper medical help whether rich poor discrimination'),
('Drug', 'use cream comes turned hooha burning ring fire 1 work tomorrow it039s going sleepless night'),
('Drug', 'prescribed one dose course one day took 4 pills 250mg light lunch nausea mild stomach painsupset lying alleviate discomfort threw 3 hours later called doctor check needed take another dose said body would absorbed pills still experiencing mild stomach pains nausea mostly gone'),
('Drug', 'i039m writing second review vaniqa started using february year twice day although daystimes forget want say delighted found totally completely changed life terrible male pattern hair growth cheeks chin upper lower lip starting grow neck used pluck 2 hrs time every 3rd day never hair free wouldn039t kiss anyone hello goodbye even plucked stubble could felt skin 3 months im scared caught bright sunlight pluck around fortnight takes around 10 mins hairs coming soft downy life transformed'),
('Drug', 'hi son 12 diagnosed 2nd grade tried everything medication tried meds first one made loose weight fast second gave nasty tic thankfully went away soon stopped med third worked couple years around january last year started problems doctor recommended daytrana wonderful son easy use handles day takes gets home school patch effects last long enough homework issues weight gain sleep uses melatonin bed feels like able shut shortage killing us'),
('Drug', 'honestly taking ativan 2 years 1mg twice daily help used tool panic attacks solution tried many antidepressants well cymbalta cipralex couple best thing talk close friends family even psychiatrist talking people venting honestly best thing even though takes lot power would love hear people opinion'),
('Drug', 'first suffered included splitting head pain nausea vomiting started using excedrin helped took right away started work well anymore one really bad one lasted hours still throwing 9 pm throwing blood went er finally got put iv hydrate added imitrex bag soon started feeling side effects head felt like going pass breathing became labored felt like someone sitting chest said meant working two minutes everything gone got pills take home worked okay fast'),
('Drug', 'good response useful'),
('Drug', '1 week zoloft anxiety mood swings take 50mg mornings breakfast nausea day one subsided week went get jitters 2 hrs taking followed yawning feel much better though less angrystressed'),
('Drug', '30 years old multiple composite spinal injuries 15 years ago aches pains unbearable started taking antiinflammatories 2 years ago started getting injections every month toradol quotdepoquot something almost pain meds mean still bad days function'),
('Drug', 'burning control 20 minutes inserting sat bath trying get stuff awful'),
('Drug', 'taking viberzi month ibsd can039t happier zero side effects thank making normal'),
('Drug', 'reduced pain 80 lets live normal life'),
('Drug', 'much pain last 2 years suffered brain tumour lot pain point morphine everyday year brain surgerybut pain pill came pretty close serious pain point blacking hot cold shivers sat pain feeling like trapped windindigestion it039s ahhhh don039t take'),
('Drug', 'morphine least 7 yearsit medicine seems manage pain without would bed 90 time life'),
('Drug', 'taken least 56 times last 10 years major problems since first time causing major fatigue last time took 3 year039s ago severe cramps enough time get bathroom went hospital doctor said didn039t work good enough go home second round went back next day process energy last night even worse times gagging night severe cramps tried second dose morning started throwing called office said stop doctor done said didn039t evacuate enough'),
('Drug', 'similar experience tremors hands really noticeable someone watching unless looking relief delusions experiencing problem going 16 years anticipate magically disappear didn039t clarity thinking experience medicine really helps'),
('Drug', 'prone yeast infections believe it039s due birth control well unprotected sex fluconazole always cleared yeast infections 2 doses side effects'),
('Drug', 'finishing second week taking contrave lost 10 lbs interesting experience drug definitely appetite suppressant yet help control urge eat mild side effects stomach discomfort slight headaches along constipation easily manageable considering taking medication please keep mind still need work exercising eating right medication really help helped get motivation back exercise definitely helps cravings eat making easy eat need healthy use coupon give drops cost 70'),
('Drug', 'medication changed life panic attacks control barely able leave house within 2 days moderate changed new person 15 years ago dosage never changed'),
('Drug', 'taking medicine due lower back trouble first took worked great put sleep');
INSERT INTO `category_review_dashboard` (`category`, `review`) VALUES
('Drug', 'gp started venlafaxine yesterday help depression changea hour taking feeling sick couldnt stomach food fluids thought keep told come side effects would get bettertook another one last night ill couldnt stand sick sweating shaking thought going pass get sleep hopeing feel better morningtook another one felt spaced dry mouth shaking sick booked see gp make sure feeling like find put wrong dose 375mg put 150mg right dose hope better'),
('Drug', 'initial testing vl 6 million received meds saturday 2 days prior testing establish baseline started received pills 2 days 5 hours later got blood test establish vl taken 3 pills point vl 700 vl 4 weeks 0 vl 8 weeks 0 12 weeks 0 2 weeks til 1st eot test feel cured side effects next nothing'),
('Drug', 'side effects light fatigue bit headache find easier take hour dinner way better triplethreat approach blood work indicate beggining stages cirrhosis also hep b 1994 far it039s like miracle fatigue nothing you039ve suffered jaundice 039sickie039 symptoms hep c cause it039s business usual'),
('Drug', 'helps sadness strongly counters moderate urges drink stressful confusing time life'),
('Drug', '24 year old male uk normally would go every hour even drinking small amounts water drinksi took medication two weeks noticed right away would go less often toilet much easier dispense urine unfortunately stop taking medications side effects outweighed benefits found would incredibly intense mood swings aggression feel clumsy dizzy time blurry vision memory problems mind blanks runny nose weakness tirednessi trying betmiga lets see'),
('Drug', 'battled nasty uti month amp went 3 different antibiotics till doctor finally gave one makes terribly sick stomach end completely worth felt completely back normal 2 days'),
('Drug', 'hey guys it039s 4 months since last post wanted give months see going work trulicity six months metformin hit five month period diarrhea gas sulphur belching finally subsided longer side effects however still haven039t lost weight think first started trulicity taking glimepiride one side effect weight gain think two meds fighting lol back metformin trulicity week see diagnosed stage 3 chronic kidney disease ckd 3 watching diet closely'),
('Drug', 'intuniv work son bouncing walls taking major issues class seems work opposite'),
('Drug', 'pain management doctor put butrans patches 6 weeks ago 5 mg dose first box four lifesaver agony work able sleep two weekends two years i039m hoping bump ten mg dose soon cut norco chronic pain many years many medicines including oxycontin patch best far'),
('Drug', 'got heart palpitations really bad like almost constant taking 40 mcg one puff twice day switched flovemt well'),
('Drug', 'mother died lung cancer last hope medication within couple months gone'),
('Drug', 'abilify 20 mgi patient diagnosed disorganized schizophrenia depression schizoaffective disorder bipolar experienced sensitivity emotions well react feelings really don039t feel normal quotsexual frustrationquotand wouldn039t say increaseddecreased feel less anxious medication seemingly ease take medication hard step people telling actually better pill half life ago didn039t quotmental illnessquot suddenly become someone else weight fluxuate drug feel due stress factors outside regular environment feel place good surroundings support much better person much happier life routine feel like referred enlongated periods sleep depression events surrounding certain time frames hence thoughts reactionsabilify aripiprazole instant reaction drug concern wellbeing nervous one people taking drug till stars fade every day last doctors seem say thing quotthis medication working youquot blood tests go hospital freqently finding anything charts everything always normal vitals thought consider medication works showing side effects accepting feel hold patience value care around help better mentally virtue feel type person curbside answers things wonder deeply guess don039t know people would agree ask women taken abilify pregnancy wondering reaction question 30 year old female diagnosed mental illness starting 2004 started take abilify 20 mg 2004 present overall since medication threatening feel embrace'),
('Drug', 'i039ve utis 7 years recent one lasted 24 days far went doctor prescribed pyridium twice day hopeful unfortunately didn039t work burning urinating still i039ve three days far also discomfort hours day may work well others body doesn039t accept nothing going doctor useless go straight urologist'),
('Drug', 'great experience far latuda started taking 40 mg nov worked great week crashed dr put 80 mg i039ve great ever since i039m afraid though sex drive completely disappeared it039s latuda i039m going go itand hate go something that039s working well however i039m also pretty high dose lexapro dr thinks it039s likely side effect we039re decreasing hopefully work otherwise i039m feeling really good i039m really afraid i039ll go'),
('Drug', 'love mouth sores ulcers like wellbutrin gave completely quit smokingthis works'),
('Drug', 'never depo suppose b ideal candidate first 6 months ok bit moody fine weight gain something changed constantly bleeding getting horrible hormone spots normally clear skin mood swings increasing 14 months decided taken ordeal b tricky doc remove 3 anesthetics stitches later it039s simply worth hassle'),
('Drug', 'med 5 years worked fine great stopped panic attacks gave relief every day nervousness experiencing took months side effects diminish first started taking leave insomnia night sweats lack sex drive poor orgasms orgasms'),
('Drug', 'put yasmin 6 months regulate cycle reduce acne flareups worst 6 months life gained 20lbs come easily stopping pill experienced horrible mood swings heavier periods acne breakouts breakthrough bleeding nauseous time pill seems agree people definitely agree went femcon year stopping yasmin experienced virtually side effects'),
('Drug', 'love butrans patch relieved half pain know take less half pain killers patch change patch every saturday miss 24 hours pain starts reside heavy drinker would advise trying patch'),
('Drug', '8 months sad say it039s caused nothing self esteem become lower i039ve gained 10 lbs i039m 22 fast metabolism thought started slow didn039t make sense breasts got smaller lost complete sex drive breasts aren039t sensitive anymore like used i039m emotional even crying times thing say 100 effective worth done body started breaking body face well'),
('Drug', 'birth control considering getting pregnant used types birth control pill patch etc decided get back birth control didn039t want worry taking daily pill requested nuvaring started nuvaring felt inside body lot cramps days later started experiencing cramps strong upper stomach pain bad missed work week finally ended going er couldn039t figure wrong finally asked doctor nuvaring side effects'),
('Drug', 'took prepopik first colonoscopy i039m 25 found effective orange flavor tolerable bad cramps terrible side effects taken magnesium citrate night already cleaned somewhat issue ended dehydrated showed colonoscopy fever try drink much fluid prep drank plenty liquid coming going overall would recommend prepopik side note insurance didn039t cover office go available recommend asking office available insurance won039t cover pharmacy'),
('Drug', 'hit three month point tretinoin 05 i039m happy really depressed skin first two months i039ve never bad acne cream made horrible acne knew worst part would fine i039ve inly two zits since i039m left scars fine try even you039re scared i039m glad it039s worth'),
('Drug', 'medicine saved life wits end antidepressants ready give doctor finally prescribed many failed medications glad honestly know would without effexor xr side effects mild compared antidepressants tried drowsy first couple days tolerable highly recommend severe depression would also like mention people realize light end tunnel get better never give'),
('Drug', 'caused gain 30 pounds'),
('Drug', 'best treatment acne used i039ve gone accutane many face washes retinol creams forms birth control forms birth control make acne worse depending type progestin need least androgenic type possible sprintec worked best nearly clear skin takes 56 months fully work work'),
('Drug', 'started taking zepatier three days ago sides effects till would like share feel slight pain back head that039s i039ll keep fingers crossed till finish 12 weeks update i039ve finish 3rd week treatment sides effects even blood test brilliant i039ll inform finish 8 weekupdateincredible 31st day virus undetectable start taking zepatier 4796191 viral load results negative side effects zepatier working well thank zepatier'),
('Drug', 'took clomid first time last month husband tried year blocked fallopian tube use estrogen medicine also uterine lining thin doctor use hcg shot stimulate ovulation since clomid apparently mess ifwhen ovulation occurs took hcg shot 2 weeks ago noticed weird symptoms days ago took multiple pregnancy tests i039m pregnant clomid worked great far yay'),
('Drug', '52 year old womeni bloating lot poopingalls good'),
('Drug', 'tummy tuck dec 18 surgery painful constipation opioids surgery bad plastic surgeon wasn039t familiar treating oic called primary care physician gave amitiza 24mcg took almost two days amazing thankful remain opioids three weeks amitiza worked well haven039t issues thank amitiza'),
('Drug', 'experience nexplon great pregnancy yet issue causes much bleeding get periods every week 1 month 3 month ruins sex life'),
('Drug', 'i039ve mine year noticed weight gain mood swings acne body adjusted quick lost weight issue i039ve every time boyfriend sex spot next day less week issues love recommend friends'),
('Drug', 'awesome new boyfriend issues believe mental bad relationships past ordered prescribed told go broke said sooooo worth orgasm every time sometimes twice wow'),
('Drug', 'always bleeding periods irsquove also gained 15 pounds skinny girl itrsquos noticeable acne hasnrsquot got worse better irsquom getting period experiencing depression donrsquot want around anyone donrsquot want eat irsquom gaining much weight irsquom stuck head lashing people irsquom normal self wish found pill rids acne doesnrsquot affect weight sex drive'),
('Drug', 'hepc since early 70s cirrhosis last 20 yrs tried interferon riboviron stop treatments due side effects terrible got transplant list oct 2014 received new liver 19 dec 2014 really blessed hepc mission destroy new liver 4 weeks harvoni virus undetectable another blessing still treatments 8 weeks 0 side effects problem'),
('Drug', 'reviews helped much first started zoloft 5 weeks ago wanted post experience several weeks increasingly worsening panic attacks work ended hospital year ago psych dr switched cymbalta mood stabilizer things good november stress work increased depending much bromazepam get day gp started 50 mg zoloft anxiety bad also tremors 4 weeks sure would quit working cut hours monday week 5 amazing still anxiety seem able handle it039s like confidence back good luck'),
('Drug', '66 yo caucasian male developed ms 2223 diagnosed 30 developed trigeminal neuralgia 32014 lasting 7 days started carbamazepin 72014 tn returned 82015 constant ever since microvascular decompression surgery 632016 pain ceased 19 days surgery returned severe surgery recovery painful left weak disoriented amp less mobile neurologist changed rx carbamazepine oxcarbazepine 300 mg twice daily 6 days ago deep facial lancinating pain remissed still burning electric jolting pain upper lip cheek also taking tramadol hcl 50mg daily seems help carbamazepine never worked oxcarbazepinetramadol combo seems effective'),
('Drug', 'started taking slept well night awoke early around 5 start day happily come 8 drowsy needed take already two hrs nap awake resumemy day much difficulties st 2 pm needed nap gonna make work appointments went cold turkey felt much better crash try anti depressants including pristique suffered insomnia meds know need start confused resume welbutrin'),
('Drug', 'pills years 2012 tried mirena cramps terrible side effects time taken last month gained around 10lbs stomach area nuvaring 2 weeks far it039s way better soon mirena removed weird stomach pains stopped i039m still trying lose extra weight'),
('Drug', 'mirena put almost year ago insertion breeze next cramping periods remained heavy show signs stopping gained 30 pounds acne headaches backache wondering next doctor would take wanted remain year almost year finding new doctor getting taken'),
('Drug', 'drinking extra 16oz bottles water period taking milk magnesia help stop painful hard stools constipation usually brings help ease release different amount time expect recommended dosage work it039s best taken empty stomach food 4 hours helps speed desired effect it039s several days since normally movements also take longer effects begin drink water much possibly diarrhea occurs cut back water take prescribed dose drinking lots water along sufficient fiber diet become much easier fighting constant constipation'),
('Drug', 'take medicine without supervision endroconologist'),
('Drug', 'appreciate lithium although thyroid level low supplement helps equalize problem i039ve least 20 different medications stabilize bipolar diagnosis always wanted normal state mind lithium allowed equally yoked 300mg er evening 100mg seroquel evening 20mg cymbalta morning i039m set i039m feeling anxiety add busper loranzapam'),
('Drug', 'i039ve taking oxycodone roughly 5 yearsi039ve gone weekends without i039ve ran never experienced withdrawal symptoms works great take exactly need don039t exceed prescribed amount take early i039ve living chronic pain yearshave complete joint replacement one side anchor placed side jaw surgeries help immensely i039ll still always pain taking dosage 10mg 3x day 5 years yes body used effects doesn039t work well works well enough refuse take higher dosage pills per day becausewell let039s face itthis medicine scarey'),
('Drug', 'husband age 63 problems benign prostate hyperplasia erectile dysfunction well gone fantastic sex life one fading fast doctor put small daily dose 5 mg cialis holy smokes bigger harder 30 loving always powerful sex drive resigning watching fade away i039m clearing schedule action honestly feeling satisfied 25 ladies guy slowing push may much time clean house smiling lot'),
('Drug', 'i039m 58 recently started medicine almost immediate relief vulvar dryness pain sure yet painful intercourse relieved looks optimistic many months intense pain medicine seem gooey even noticeable used really like far'),
('Drug', 'medicine absolutely terrible three months using hair fallen much see scalp visibly it039s embarrassing stopped taking considering copper iud hormones'),
('Drug', 'cat bite handfull set teeth sharp hand swelled red took augmentin 8 hours bitten within 3 days swelling went redness faded 6 years animal control officer never injured oncehelp friend pick cat local humane society get bittenoh irony excellent medicine cat bites friend tell dad got bitten cat ended hospital almost died infection lucky experience knew seek medical attention immediately anyone bitten cat know 85 chance infection need take seriously you039ll end hospital'),
('Drug', 'yes first use experience raw constant itching seemed get worse within hours applied cream lady parts talk wanting take cheese grater itchy fire parts take benadryl help itching vaginal insert cream wasn039t bad meltsand gets itchy inside lady cave speak first hour seemed calm lot shouldn039t waited long done something never thick discharge thought little irritated never yeast infection lord knows don039t ever want go product overall works'),
('Drug', 'sex 7th august took plan b 23 hours intercourse haven039t gotten period yet i039m supposed due 20th august major side effect i039ve experiencing major amount tiredness exhaustion got home work day took pill went upstairs around 9pm sleep woke next day around 1pm wake extremely exhausted feet start get tired well also barely ever hungry anymore i039m 18 years old unusual teen hopefully period comes soon'),
('Drug', 'ears ringing like crazy almost start break cry reading one guys experience best ringing everything went thru going thru stsrted exactly said tune cause think worse gets titinus csn become worst enemy keep reading testimonials read alot people took zanax seemed quite ringing zanax 05mg took also couldnt sleep next day woke slight ringing day progressed went completely away thank lordi truly believe oh condition thats related nrevous system cure'),
('Drug', 'started prozac one first anti depressants mdd made horribly sick nauseous day wouldn039t eat days time stayed try get thorough side effects wouldn039t stop throwing every dayone day woke started violently shake lasted 12 hours ended hospital tachycardia horrible experience months later still stomach heart issues i039m new medications bad experience get anxious take'),
('Drug', 'intake effexor xr 375 mg lorazepam depression anxiety doctor added abilify took mornings made foggy moved bertie sleep better overall noticed increase irritability equates feeling extremely angry 3 pm daily i039ve rearranged lorazepam reduce need time i039m also restlessness almost feels manic shall see increased cravings sweets'),
('Drug', 'torn nuvaring convenience great daily time take pill month easily marked calender put phone never falls never feel changing simple would give nuvaring 10 10 based upon simplicity price really reasonable downsides personally first months notice side effects although low tolerance alcohol nuvaring emotional tired strung time pill none happened also longer periods it039s worth try every girl seems different experience'),
('Drug', 'i039m 30 years old started really bad skin 2 years ago maybe stress life tried everything get rid got worse finally went dermatologist put spironolactone skin started getting better two weeks loved i039ve taking 6 months get compliments makeup artist models i039m hairstylist good skin another plus breasts went small b c decided stop taking week breasts went small skin getting little oily i039m going back take one day'),
('Drug', 'i039ve suffered panic attacks anxiety years took paxil many years effectiveness waned hated weight gain sexual sideeffects came switched luvox starting 25mg worked miracles eventually move 50mg last two years 75mg adverse effects lifesaver eventually son diagnosed panic disorder certainly inherited much like inherited mother doctor tried luvox assumption genetic similarity similar diagnosis might treated medicine right son living anxietyfree panic attackfree lives'),
('Jewelry', 'beauties beautiful even tho clearly high end super great price costume jewelry though others look twice since appear near real nice'),
('Jewelry', 'great product great product got set mother allergic bijoux probably nickel products dont know sure know ears get swallowed red itchy unless silver goldbr im glad sterling silver still affordable price never got allergic reaction wears every day'),
('Jewelry', 'exactly pictured daughters friend loved came packaged nice box exactly pictured daughters friend loved came packaged nice box thought looked expensive happy purchase'),
('Jewelry', 'five stars love fits great super comfortable neat idea fish bones also come'),
('Jewelry', 'mothers day gift mom loved really nice quality interesting design got mothers day gift mom loved really nice quality interesting design'),
('Jewelry', 'five stars love make wont get another'),
('Jewelry', 'five stars true size unique'),
('Jewelry', 'five stars necklace beautifulis great accent wardrobe'),
('Jewelry', 'five stars perfect'),
('Jewelry', 'five stars love'),
('Jewelry', 'high hopes epic fail didnt even last first day one stone already got two fell day im sad really looking forward'),
('Jewelry', 'real nice necklace price real nice necklace price dont look strand larger diameter next advertised really nice necklace'),
('Jewelry', 'amazing comfortable ring would definitely buy great ring konov'),
('Jewelry', 'five stars great quality price'),
('Jewelry', 'little smaller expected like bracelet lot really cute almost exactly expected wish little longer little snug even though fairly small wrists'),
('Jewelry', 'pretty versatile pretty versatile wear dresses low cut allows bit modest especially appreciate continuous string wandering clasp ruin look'),
('Jewelry', 'dont get like first time opened got broken dont get like first time opened got broken dont fit fingers'),
('Jewelry', 'three stars expected took long ship price right necklace adjustable hangs low'),
('Jewelry', 'four stars bought daughter cute bigger imagined would'),
('Jewelry', 'five stars pretty comfortable wear'),
('Jewelry', 'tell clara good ring great ring looks exactly like one capaldi wears body ready wear everyday life cosplay one problem kinda look weird bent fit finger big fingers metal easy bend still stiff cant notice shape wearing'),
('Jewelry', 'son loved got son loved got gave look plugs maybe month getting one black piece dragon fell metal happy'),
('Jewelry', 'beautiful pretty works really well diffusing scented oil happy purchase'),
('Jewelry', 'four stars like much'),
('Jewelry', 'five stars love ring'),
('Jewelry', 'five stars great'),
('Jewelry', 'five stars beautiful red color goes coral jewelry'),
('Jewelry', 'five stars daughter loved'),
('Jewelry', 'two stars dont like'),
('Jewelry', 'one star bad quality sand mine bright pink hideous save money'),
('Jewelry', 'bad really liked got 5101 brown came apart days bad really liked'),
('Jewelry', 'really pretty received necklace quickly really cute stone pink sparkles different colors thing im worried necklace looks fragile 8 year old granddaughter rough playing around really pretty'),
('Jewelry', 'like much cute like much'),
('Jewelry', 'four stars daughter loves'),
('Jewelry', 'two stars smaller expected'),
('Jewelry', 'states item new states item new cant tell came little zip bag packaging'),
('Jewelry', 'two stars broke wearings'),
('Jewelry', 'love look cute much easier get used thought would loveeeeeeeee hit friends'),
('Jewelry', 'four stars used one far looks nice neat'),
('Jewelry', 'wonderful stunningly amazing beautiful love thanks much great price little big ring like ordered one smaller guess lol'),
('Jewelry', 'bracelet fit properly bracelet fit properly actually reshape bracelet holder looked ugly box mention wrist size bracelet holder inside also oval shape take shape bracelet'),
('Jewelry', 'great product bought key chain great product bought key chain came super early like 2 weeks early complaint pendants attached one ring planning using one still amazing product'),
('Jewelry', 'four stars great fit color glassbottlegreen olivegreen good quality plugs'),
('Jewelry', 'beautiful ring great quality never tried purchased titanium jewelry darker anticipated deal breaker picture represents ring well quite pretty ring quite substantial hefty however slender fingers may need exchange thinner version overall like hope find right size fit many beautiful rings confident get looks best'),
('Jewelry', 'four stars sizes ran small'),
('Jewelry', 'worth money thought ordering gold received silver attractive enough keep however realized buying jewelry person preferable also want test patience necklace spent nearly hour untangling plan hang storage'),
('Jewelry', 'pretty earringsthey nice shine pretty earringsthey nice shine arrived quickly cute little gift box'),
('Jewelry', 'five stars gorgeous fits great'),
('Jewelry', 'one star gift sept 2 hope fits bracelet sure yet'),
('Jewelry', 'beautiful statement piece great quality great price first time ive ordered anything like amazon photos others posted reviews helped much nicer person photos dont justice heavy piece heavy right weight something many stones lighter would worried quality case price perfect probably even better expected stones lot sparkle hard get photo striking piecethe necklace varied shades blue could go many different blue clothing pieces go well something contrasting metal antique brass look looks like something youd find higher end boutique doubt great statement piece everyday special event look im glad took chance bought one awesome find cant say enough good things purchase dont think youll disappointed fun daisy also packed securely cute box bubble wrap inside arrived damage perfect condition'),
('Jewelry', 'five stars beautiful intricate bead reminded vincent van goghs 34starry night34'),
('Jewelry', 'dont waste money types wont let contact seller sodo buy wife put fell overnight n couldnt find little tiny pieces themit appears photo inserts longer stay placebut notdont waste money types rings'),
('Jewelry', 'one wasnt enough adding charms one wasnt enough adding charms'),
('Jewelry', 'five stars co workers complimented wore'),
('Jewelry', 'five stars amazing'),
('Jewelry', 'sparkly love necklace dainty sparkles catches light wear cross pendant pleased'),
('Jewelry', 'one star small came chipped'),
('Jewelry', 'two stars loved bracelet 725 actual size 65'),
('Jewelry', 'good value chain missing immediately send one stones nice good value'),
('Jewelry', 'four stars nice'),
('Jewelry', 'five stars best choice outfit'),
('Jewelry', 'five stars fast shipment great product'),
('Jewelry', 'glad got put glad got put charms ordered day'),
('Jewelry', 'four stars good'),
('Jewelry', 'five stars beautiful bracelet love sparkles'),
('Jewelry', 'bought silver gold versions couple months ago learned bought silver gold version earrings kept several months like thembr br lightweight comfortable dont interfere phone use things earsbr br classy fun wear professionally work meeting well dancing dressed basically versatile earring works outfits occasionsbr br lastly bit unique get compliments wear sum great earring would recommend hope helpful'),
('Jewelry', 'four stars look great'),
('Jewelry', 'two stars impressive'),
('Jewelry', 'five stars beautiful bargain boot'),
('Jewelry', 'five stars gift loved'),
('Jewelry', 'spot ordered 6534 rose gold fits like dream highly recommend taking piece string measuring circumference wrist ordering tight large room slide arm inches forearm starts color great shiny screws tight love screws connected bracelet fear losing themtheyre small one complaint ordered ring also rose gold ring yellow gold may order see get better match highly recommend product engravings inside well made super fast shipping less 1 week'),
('Jewelry', 'worth 36 price necklace worth looking something longer though double 3634 short keep wear dark tops gaudy would say understated elegance reasonable price'),
('Jewelry', 'five stars small oh cute'),
('Jewelry', 'five stars love red crab use daily get lot compliments'),
('Jewelry', 'five stars better picture'),
('Jewelry', 'big bold beautiful love birds love necklacebrooch large statement piece petite woman absolutely much fun love bling'),
('Jewelry', 'perfect 10th year wedding anniversary gift chose 10th wedding anniversary gift wife birth stone diamond alexandrite pendant bit someone mentioned pendant smaller seems pictures wife prefers subtlety cant exactly tell heartshaped stone unless get close little surprises br br included chain necklace seems good quality quite thin clasp bit small first days giving help put tends longer fingernails releasing clasp little tough small issues though'),
('Jewelry', 'two stars returned wife wanted picture didnt match product'),
('Jewelry', 'one star painful put wear due strip plastic along cannula'),
('Jewelry', 'love light hand yet sturdy love light hand yet sturdy enough use daily'),
('Jewelry', 'five stars even better thought would'),
('Jewelry', 'five stars happy item cute'),
('Jewelry', 'five stars love'),
('Jewelry', 'dont work never able use rings put rings slide around finger cannot get rings back knucklehowever stated listing'),
('Jewelry', 'ring beautiful ring beautiful well made person looks spectacular stone size wanted looks like gorgeous white topaz however planning order ring keep mind stone quite large like bold jewelry would definitely recommend ring'),
('Jewelry', 'perfect high enough quality wedding cute get pay cheaper ring perfect high enough quality wedding ring id recommend promise ring birthday gift'),
('Jewelry', 'pretty came earlier expected pretty came earlier expected love'),
('Jewelry', 'decent twists broke liked chain overall got nice simple functioned well one thing noticed wore tendency twist something pendant etc reason 1 star review month half lightly pulling two parts get untwist broke nice enough chain lasts month half broken light pulling bare hands maybe best quality'),
('Jewelry', 'three stars arrived broken one stones looks cheap'),
('Jewelry', 'pretty price purchased silver bracelet like first liked much went back ordered gold one'),
('Jewelry', 'better expected know say really impressed ring price great shiny sparkles great looks like real thingbr great vacations thanks much'),
('Jewelry', 'double initial necklace really like quality necklace complaint keep twisting together constantly untwisting'),
('Jewelry', 'one star turn nasty 2 nd day'),
('Jewelry', 'five stars wife happy'),
('Jewelry', 'disappointingdangerous workmanship rings arrived velvet pouch alcohol swab cleaning nice however one use stones started falling able catch pull super glue place lost disappointing also disappointing find injured first use nipples sore thought used properly handling rings looking closely noticed metal tags ends rings ended cutting skin heavy duty file home able get file tagsbr look really nice stones'),
('Jewelry', 'really like ring got married weeks ago really like ring fiancee scoured around 15 different jewelry shops look wedding bands noticed mens bands made alternative metals good shops range 250300 dollars thats already huge difference youd pay white gold platinum ring however alternative metal bands displayed shops size 10 standard display size given rings couldnt resized told would wait 1 2 weeks order thembr br thats started check rings online really wanted clean beveled cobalt ring ring cavalier looks good ive seen shops price unbelievable prefer cobalt tungsten brighter look almost resembles white gold ring nice texture kinda play often gollum played ring also quite like fact word inside ring 34cobalt34 none fancy phrases 34brute34 etc huge brand name youll find ringsbr br please keep good work cavalier jewelers'),
('Jewelry', 'cute awesome price'),
('Jewelry', 'five stars love'),
('Jewelry', 'beware pair see says one piece shouldnt show pairvery misleading wants one'),
('Jewelry', 'four stars nice rather large got many compliments'),
('Shoes', 'buy really didnt start wear may 2016 junk falling apart outer sole thin although wear almost completely house rugs inner padding showing heel previous pair company lasted 5 years threw im sorry didnt wear often first got would returned immediately'),
('Shoes', 'super flip flop provides great cushion well archsupport'),
('Shoes', 'great clutch purse perfect need something small cell phone items'),
('Shoes', 'badass getting u see'),
('Shoes', 'three stars small'),
('Shoes', 'five stars 13 year old son loved shoes excellent quality service time birthday'),
('Shoes', 'finally cushion write ok searching shoes replace shoes used wear crazy expensive wanna guess happy get sale helped lot honestly truly worth comfortable arch awesome cushioning number one issue fat woman 35 years working intensive care amazing love tongue super thin doesnt get way love lacing system needed little room shoe days works great days wish one inch lol looking amazing shoe cushioning smooth rocker bottom couldnt happier also introduced another friend worked icu many years bought adores yes little narrow side aware'),
('Shoes', 'good deal go full size went full size fit better kinda wide nonetheless love'),
('Shoes', 'would say boot good line work buy would say boot good line work buy pair every year'),
('Shoes', 'small size misleading'),
('Shoes', 'five stars shoes comfortable'),
('Shoes', 'five stars love sandals'),
('Shoes', 'four stars good quality shoes great casual business attire lots compliments'),
('Shoes', 'good shoes comfortable whole day school daughter really likes shoes comfortable fit wellthe black started fade already couple weeks still good shoes'),
('Shoes', 'two stars okay'),
('Shoes', 'love shoes love shoes perfect fit comfortable even walking concrete floors 10 hours look good feel sturdy excellent product amazing value'),
('Shoes', 'five stars good'),
('Shoes', 'three stars like go walk3 go walk textile hard'),
('Shoes', 'four stars kids love comfort great price'),
('Shoes', 'tissue paper thicker ripped tissue paper thicker ripped putting paid attention reviews'),
('Shoes', 'fit small return next size next size comfortable'),
('Shoes', 'cute comfy cute comfy'),
('Shoes', 'five stars absolutely love'),
('Shoes', 'never travel without sturdy great travel tote lots pockets back pocket unzips bottom place bag handle suitcase easy transport never travel without'),
('Shoes', 'great price comfortable little loose feet'),
('Shoes', 'five stars comfortable'),
('Shoes', 'four stars everithing good'),
('Shoes', 'love love bag saw boutique store 78 decided see amazon great price awesome wellmade bag w oodles pockets easy organization plus lovely color'),
('Shoes', 'nice shoes nice shoes little snug'),
('Shoes', 'four stars nice durability comfortable stylish'),
('Shoes', 'fit fine assume fault pair sketchers second pair ive bought left shoe fit well right left slightly loose first pair go walk sketchers bought fit fine assume fault lie left foot disappointed given price'),
('Shoes', 'satisfied customer flat feet large width 1st times bit snug uncomfortable wear times comfy casual shoes yet material made bamboo didnt help comfort first times wearing either'),
('Shoes', 'confortable thing liked tall boots lights confortable thing liked tall'),
('Shoes', 'one star expected would order'),
('Shoes', 'five stars second pair different color excellente'),
('Shoes', 'comfortable soft perfect slippers adorable soft inside love rubber sole comfortable size 8 read reviewers runs little larger size go size 6575 fits wonderfully'),
('Shoes', 'used yet brand new work great larger anticipated used yet brand new work great'),
('Shoes', 'returned pair asics returned pair asics cumulus okay ordered big fault really didnt like look much anyway got enough arch support personally width good wide foot im kind glad didnt order right size would probably kept much happier asics bought instead feel like im walking cloud shoes felt little stiff like cardboard'),
('Shoes', 'arch ankle support exellent arch ankle support critical type boot boots'),
('Shoes', 'wide width boots order 9c wide width received box shoes marked 9b went return told 9cs mismarked well narrow returning refund would suggest looking wide width'),
('Shoes', 'overall excellent boots love shoes got wear around town look cute comfortable added insoles add extra arch support long walking days overall excellent boots'),
('Shoes', 'five stars great luck brooks running shoes offer great stability effectively cushion feet'),
('Shoes', 'five stars nice'),
('Shoes', 'pleased fits expected fast delivery pleased'),
('Shoes', 'giant cheep cheep made china although advertised made america size big going back'),
('Shoes', 'five stars love ordered 12 size larger normalthey fit perfectgreat gym shoe'),
('Shoes', 'excellent style quality initially bought 11 exchange 12theyre fine usually wear 11 guess ran little small could style shoe rather dress oxford'),
('Shoes', 'great boot merrell great boots fit feel great wear everyday concrete floors third pair'),
('Shoes', 'five stars love shoes best hiking shoe ive ever'),
('Shoes', 'perfect sight seeing shoes love sandals cushioning comfortable yet attractive easy put'),
('Shoes', 'brooks makes great shoe great arch support fair didnt fit doesnt mean dont fit brooks makes great shoe great arch support'),
('Shoes', 'bit disappointing otherwise theyre good pair sunglasses theyre lot darker pictured backlit see tortoiseshell pattern otherwise look dark brown bit disappointing otherwise theyre good pair sunglasses look wellmade feel sturdy'),
('Shoes', 'five stars love bostons love finally made male flip flop great comfort'),
('Shoes', 'five stars happy purchase'),
('Shoes', 'fixed everything love'),
('Shoes', 'missing rhinestones small opening love sparkle bagafter one reasons purchasing however missing 2 rhinestone studs area missing studs quite noticeable reason purchase like large bagswhile size bag okay opening small disappointed thatbut oh well ordering online always hit miss'),
('Shoes', 'five stars perfect'),
('Shoes', 'four stars wife super excited first trip disney'),
('Shoes', 'top line quality exceptional colors happy shoes great colors many manny compliments love would recommend everyone'),
('Shoes', 'makes look cool like loooooove product much 603br makes look cool like superman'),
('Shoes', 'five stars love shoes comfortable'),
('Shoes', 'great little cheap canvas shoe walking biking whatever really love style shoe sturdy slip less bulky true sneaker pair yellow got greasy biking switched black theyre holding well comfortable seem like would survive run washing machine wanted clean happy purchase'),
('Shoes', 'five stars sweet'),
('Shoes', 'five stars excellent shoe great quality great price'),
('Shoes', 'may need inserts achieve correct fit add inserts back heel size 65 small ad size 7 big narrow heels inserts stick inside back shoe fit great'),
('Shoes', 'five stars terrific shoe reasonable price promptly delivered thanks'),
('Shoes', 'find need lace pretty tight keep toes rubbing composite boots typical timberland comfort heavy wear day find need lace pretty tight keep toes rubbing composite protective toe boot seem like good boot right box rule thumb get 1 year every 100 spend would guess roughly year soles start cracking also typical timberland boots work boots beat year quite honestly comfortable'),
('Shoes', 'five stars grandson sam loved couldnt wait try show cousins'),
('Shoes', 'five stars love'),
('Shoes', 'oakley always excellent quality glasses oakley always excellent quality glasses lenses nice strong green color cant seen worn'),
('Shoes', 'five stars perfect fit add another sole extra comfort'),
('Shoes', 'shoes far comfortable wedges ive ever put feet shoes far comfortable wedges ive ever put feet hate wearing heals love shoes black well'),
('Shoes', 'fantastic support comfortable day long ordered pair mother swollen feet loves shoes said theyre comfortable likes fact adjust strap needed fantastic support wears shoes day long raved much im ordering pair'),
('Shoes', 'based reviews decided order 9 fit perfect purchased sneaker stores white size 812 true closed shoe size 10 based reviews decided order 9 fit perfect measured feet ladies go measurements'),
('Shoes', 'three stars comfortable look'),
('Shoes', 'nice splash color nice shoe gives outfit pop color shoe wear periods time problem feet'),
('Shoes', 'giving blister extremely comfortable would go 12 size complaint shoes rub back heel giving blister extremely comfortable would go 12 size normally wear'),
('Shoes', 'love shoes love shoes comfortable shoe found trouble keep replace every months soles separate shoes maybe new balance could find kind glue brands use forth final pair unless quality control improves'),
('Shoes', 'comfortable husband shoes another colorbr every day walk 30min work workbr comfortable shoes'),
('Shoes', 'five stars described'),
('Shoes', 'nice especially price actually impressed little bag purchased mine coffee color shipping fastbr br every compartment zips nice keeping things main compartment son padding witch gives bag done structure helps protect ipad holds quite bit huge bag ipad mini fits nicely case room spare side pockets great iphone 5 fitted case iphone 6 would big many othe pockets would work nicelybr strap soft comfortable zippers smooth functional complaint lining little cheap bunch get waybr br usually carry fossil vera bradley bags got something different small'),
('Shoes', 'nice boots purchased short term protection floods nice boots purchased short term protection floods little hot southern weather perfect wear get cars buildings heavy rains'),
('Shoes', 'cute great product super cute wish around got married worried would hard see going lettering designs way fine could see without problem cant wait give brother soon wife wedding able purchase discount exchange honest review'),
('Shoes', 'purse pretty clasp hard open purse pretty clasp hard open disappointed purse'),
('Shoes', 'five stars comfortable fits like got great deal thanks amazon'),
('Shoes', 'comfortable size way small purchase read review small size ordered size 7 even though usually wear 75 8 however size 6 arrived home funny thing fits wearing shoes consequently tt way smaller expectedbr br besides size thing comfortable easy wear take considering buying one thing need notice rare part shoes lower common shoesbr br satisfied purchase gave 4 stars small size'),
('Shoes', 'great sneakers second pairs model gelkayano 21 fit expected always run 12 size small always order second pair model changes case next one happens every years great support narrow flat overprinting feet clock least 15 milesweek walking even used light hiking recently although bit rough still second pair box'),
('Shoes', 'love cushion nurse concrete day love cushion'),
('Shoes', 'universal traveling shoe far good far good bought 34one pair everything34 traveling shoe first month ownership first weeklong trip im really satisfied shoes hold shine well look good casual outfits pass dress shoes sizing seems run true dont special arch support issues cant make judgement attribute shoes super light weight yet seem sturdy real test see long last hopefully pair much better keens replaced'),
('Shoes', 'bit larger usual great comfort bought least half dozen pairs years love mold feet give great support wear year round pair however seemed bit larger toes sneaking top edge size always get never problem makes think need try shoes rather ordering online even ones bought many times'),
('Shoes', 'two stars attractive style although little wide'),
('Shoes', 'wrong sizing sized right'),
('Shoes', 'durable bought wear work worked greenhouse wet feet issue perfect made wet traction protected whole foot arrived one eyelet guard things broken annoying something cared complain however less month wearing began rip apart seams sort disappointing hoping would last bit longer maybe expecting much hope 35 pair shoes would last month'),
('Shoes', 'ok veri nice bootsbr go nothing specialbr material better'),
('Shoes', 'four stars expected excellent'),
('Shoes', 'five stars love wanted'),
('Shoes', 'four stars great'),
('Shoes', 'two stars strap along big toes causes pain toes'),
('Shoes', 'two stars toe uncomfortable'),
('Shoes', 'five stars love love love love');

-- --------------------------------------------------------

--
-- Table structure for table `day_review_dashboard`
--

CREATE TABLE `day_review_dashboard` (
  `day` varchar(9) DEFAULT NULL,
  `review_count` int(3) DEFAULT NULL
) ENGINE=InnoDB DEFAULT CHARSET=utf8 COLLATE=utf8_general_ci;

--
-- Dumping data for table `day_review_dashboard`
--

INSERT INTO `day_review_dashboard` (`day`, `review_count`) VALUES
('Friday', 110),
('Monday', 314),
('Saturday', 11),
('Sunday', 11),
('Thursday', 25),
('Tuesday', 16),
('Wednesday', 13);

-- --------------------------------------------------------

--
-- Table structure for table `product_category_dashboard`
--

CREATE TABLE `product_category_dashboard` (
  `category` varchar(7) DEFAULT NULL,
  `count_product` int(3) DEFAULT NULL
) ENGINE=InnoDB DEFAULT CHARSET=utf8 COLLATE=utf8_general_ci;

--
-- Dumping data for table `product_category_dashboard`
--

INSERT INTO `product_category_dashboard` (`category`, `count_product`) VALUES
('Apparel', 100),
('Beauty', 100),
('Drug', 100),
('Jewelry', 100),
('Shoes', 100);

-- --------------------------------------------------------

--
-- Table structure for table `product_table`
--

CREATE TABLE `product_table` (
  `product_key` int(11) NOT NULL,
  `product_name` varchar(280) DEFAULT NULL,
  `category` varchar(8) DEFAULT NULL
) ENGINE=InnoDB DEFAULT CHARSET=utf8 COLLATE=utf8_general_ci;

--
-- Dumping data for table `product_table`
--

INSERT INTO `product_table` (`product_key`, `product_name`, `category`) VALUES
(1, 'Baffle \"Birth: Nailed It\" Blue Text White Onesie', 'Apparel'),
(2, 'AHOO Women\'s T Shirt Eastern Washington University 32 DeepHeather', 'Apparel'),
(3, 'ANGVNS Ladies Women Sexy Floor Length Strapless Long Dress for Party', 'Apparel'),
(4, 'ANGVNS Women\'s Short Sleeve Off Shoulder White Cotton Top T-shirt Blouse', 'Apparel'),
(5, 'Abercrombie & Fitch Women Front Graphic Tee (Large Dark Grey Heather)', 'Apparel'),
(6, 'Alexander Del Rossa Mens Satin Pajamas Short V-Neck Pj Set', 'Apparel'),
(7, 'Amdirect 100W Manicure Pedicure Paraffin Warmer Waxing 400ml 220V Wax Heater Salon Spa', 'Apparel'),
(8, 'Amdirect 3M Adjustable Feet Training Speed 8-rung Agility Ladder for Soccer Football Fitness', 'Apparel'),
(9, 'Amdirect 5 Drawer Jewelry &amp; Cosmetic Storage Organizer Clear', 'Apparel'),
(10, 'Amdirect Foldable Laundry Basket Double Washing 2 Sections Clothes Sorter Basket Storage Hamper', 'Apparel'),
(11, 'Amdirect Folding Bungee Chair Lounge for Dorm Room or Back Yard Camping Patio Lawn', 'Apparel'),
(12, 'Amdirect Heavy Duty Clothes Movable Shelf Hanger Commercial Grade Clothing Garment Rolling Rack', 'Apparel'),
(13, 'Amdirect Musical Instrument Classic Acoustic Beginners Children\'s 6 String Toy Guitar', 'Apparel'),
(14, 'Amdirect Nail Polish Display Black Wire Metal Organizer Wall Rack 120 Bottle', 'Apparel'),
(15, 'Amdirect New Bicycle Steel Double Leg Side Kickstand Stand', 'Apparel'),
(16, 'Amdirect Professional 252 Colors Ultimate Eyeshadow Palette Cosmetic Makeup Kit Box', 'Apparel'),
(17, 'Amdirect Rotating Adjustable Black Metal Floor Stand 35 Hat 7 Tier Cap Display Retail Hat Rack', 'Apparel'),
(18, 'Angelina Womens Cozy Pajama Set', 'Apparel'),
(19, 'BLACK LIVES MATTER t-shirt protest tyranny', 'Apparel'),
(20, 'Bali Passion For Comfort Minimizer Underwire Bra', 'Apparel'),
(21, 'Belfry Gangster 100% Wool Stain-Resistant Crushable Dress Fedora in 4 Colors', 'Apparel'),
(22, 'Bella 8800 Ladies 3.7 oz. Flowy Racerback Tank Red Marble Large', 'Apparel'),
(23, 'Big Texas Flag - Distressed - Toddler Little Boy Hoodie Sweatshirt', 'Apparel'),
(24, 'Blair Women\'s Ruffled Henley Top', 'Apparel'),
(25, 'COCOLEGGINGS Womens Fold Over Waist Wide Leg Printed Bell Bottom Pants', 'Apparel'),
(26, 'Columbia Women\'s Benton Springs Full-Zip Fleece Jacket', 'Apparel'),
(27, 'Darth Vader T-shirt Pull My Finger and You Will Know the Power of the Dark Side T-Shirt (S-5X)', 'Apparel'),
(28, 'Deez Nuts for President 2016 Men\'s Humor Funny T-Shirt', 'Apparel'),
(29, 'Deluxe Batman Gloves Costume Accessory', 'Apparel'),
(30, 'Denim Shampoo - The Original Denim Wash', 'Apparel'),
(31, 'Easy Tool Stainless Steel Fruit Pineapple Corer Slicer Peeler Cut (One size sliver)', 'Apparel'),
(32, 'Fashionable First Class Quality and Comfortable Tank Tops for Women', 'Apparel'),
(33, 'Flowy Womens Mommy Strong Sexy Racerback Gym Tank Top Funny Threadz Shirt', 'Apparel'),
(34, 'Fruit of the Loom Boys\' A-Shirt (Pack of 4)', 'Apparel'),
(35, 'Gildan Men\'s Heavy Blend Crewneck Sweatshirt - Large - White', 'Apparel'),
(36, 'Glamorise Women\'s #1006 Full-Figure Sports Bra', 'Apparel'),
(37, 'HBO\'S Game of Thrones Men\'s Targaryen Sigil T-Shirt', 'Apparel'),
(38, 'Harriton Men\'s Barbados Textured Camp Shirt', 'Apparel'),
(39, 'JAEDEN Women\'s Beaded Spaghetti Straps Sexy Long Formal Prom Evening Dresses', 'Apparel'),
(40, 'James Fiallo Men\'s 12-Pairs Low Cut Athletic Sport Socks', 'Apparel'),
(41, 'Jerzees Men\'s Super Sweats Crew Neck Sweatshirt', 'Apparel'),
(42, 'Jockey Scrubs Womens Maximum Comfort Pant', 'Apparel'),
(43, 'Jockey Women\'s Underwear Elance Brief - 3 Pack', 'Apparel'),
(44, 'Jockey Women\'s Underwear Supersoft Brief - 3 Pack', 'Apparel'),
(45, 'K Sera Sera Men\'s Tie Neckties Set for Gift Cufflinks+clips+handkerchief', 'Apparel'),
(46, 'KRISP Women\'s Short Sleeve Pleated Front V-Neck Blouse Top Banded Hemline', 'Apparel'),
(47, 'KUFF Push-up/Regular Silicone Bra (Detachable straps included)', 'Apparel'),
(48, 'LaSuiveur Crop Top Sleeveless Two Pieces Skirts Strapless Bodycon Midi Dresses', 'Apparel'),
(49, 'Levi\'s Boys\' 514 Straight Fit Jeans', 'Apparel'),
(50, 'Levi\'s Men\'s 501 Original-Fit Jean', 'Apparel'),
(51, 'Lilyette Women\'s Enchantment Three-Section Unlined Minimizer Underwire Bra', 'Apparel'),
(52, 'Luouse Women Vintage 1950\'s Style 3/4 Sleeves Garden Floral Print Windbreaker Dress', 'Apparel'),
(53, 'Match Men\'s Athletic Fit Straight Leg Casual Pants', 'Apparel'),
(54, 'Meaneor Women\'s Long Sleeve Casual Slim Fit Flare Pleated Round Neckline Dress', 'Apparel'),
(55, 'Minimalist Wallet & Credit Card Holder Men with Slim Design by Raw', 'Apparel'),
(56, 'New Womens Long Sleeve Blouse Tops Round Neck Plaid Checked Loose Shirt', 'Apparel'),
(57, 'Norfolk Branded Men\'s Cushioned Running / Jogging Ankle Sports Socks - Owens', 'Apparel'),
(58, 'Oops Outlet Women\'s Strappy Cami Cut Off Shoulder Flared Swing Midi Skater Dress', 'Apparel'),
(59, 'PUMA Men\'s BMW Team Polo', 'Apparel'),
(60, 'Pink Queen&reg; Womens Fold Over Waist Loose Wide Leg Pants Palazzo Pants', 'Apparel'),
(61, 'Pink Queen&reg; Womens High Waisted Loose Wide Leg Pants Palazzo Pants', 'Apparel'),
(62, 'Pink Queen&reg; Womens Sleeveless Bodycon Bandage Knee Length Midi Dress', 'Apparel'),
(63, 'QueenFee Women\'s O-neck Boho Long Maxi Dress Blue Small', 'Apparel'),
(64, 'RFID Blocking Stylish Genuine Leather Wallet for Men - Excellent as Travel Bifold', 'Apparel'),
(65, 'Road to Valhalla Tour Coma-Doof Warrior Mad Max Fury Road Unisex shirt', 'Apparel'),
(66, 'Robes King RK Classical Sleepwear Mens Broadcloth Woven Pajama Set', 'Apparel'),
(67, 'SEOBEAN Mens Low Rise Sexy Sport Swimwear Trunk Boxer Brief Bikini Swimsuit', 'Apparel'),
(68, 'Sentimental NY Womens Clubwear Mini Lace Dress W/ 2-Way Zipper Back', 'Apparel'),
(69, 'Simply Southern Tees Long Sleeve Preppy Lobsters Bubblegum', 'Apparel'),
(70, 'Soft Long Sleeve Polo Mock Turtleneck T-Shirt Stretch Top XS-L', 'Apparel'),
(71, 'Steampunk Victorian Costume Ulysses Side-Button Linen Shirt [Orange]', 'Apparel'),
(72, 'SweetBridal Sweetheart Sleeveless Halter Evening Dress', 'Apparel'),
(73, 'The North Face Women\'s ThermoBall Hybrid Hoodie - Magic Magenta', 'Apparel'),
(74, 'Trendy Suck It Up Buttercup Womens Burnout Tank Top', 'Apparel'),
(75, 'V28 Women Cowl Neck Knit Stretchable Elasticity Long Sleeve Slim Fit Sweater Dress', 'Apparel'),
(76, 'VIV Collection Best Selling Printed Brushed Leggings Plus Size (L - XXL) Listing 1', 'Apparel'),
(77, 'Vanity Fair Women\'s Perfectly Yours Ravissant Tailored Brief Panty', 'Apparel'),
(78, 'Waboats Summer Women Cusual Loose Round Neck Cotton & Linen Dress Beige', 'Apparel'),
(79, 'Wacoal Women\'s B Smooth Hi-Cut Brief Panty High/Rise 2X-Large', 'Apparel'),
(80, 'Warner\'s Women\'s No Wedgies No Worries Modern Brief Panty', 'Apparel'),
(81, 'Women Blue and Black Dresses under $25 for all Occasion', 'Apparel'),
(82, 'Women Pencil Skirts under $20 for all Occasion', 'Apparel'),
(83, 'Women Pleated Skirts under $20 for all Occasion', 'Apparel'),
(84, 'Women\'s Long Sleeve Chiffon A-line Lace Stitching Trim Mini Dress', 'Apparel'),
(85, 'Women\'s Vintage Boat Neck Audrey Hepburn Sleeve 1950s Rockabilly Cocktail Party Dress', 'Apparel'),
(86, 'Womens Maxi Boho Summer Long Skirt Evening Cocktail Party Dress', 'Apparel'),
(87, 'Womens Summer Open Shoulder Chiffon Shift Dress', 'Apparel'),
(88, 'Wookrays Heavy Duty Basketball Metal Chain Net Official Size Rims Hoop 10 Loop Steel Basketball Net', 'Apparel'),
(89, 'Yazubi Men\'s Chino Pants Kyle Slim-Tapered Casual Pants', 'Apparel'),
(90, 'iLover Women Deep-V Neck Elegant Short Sleeve Vintage Bridesmaid Dress', 'Apparel'),
(91, 'Premium Quality 20 New Diamond Series Sqaure Empty Clear Plastic Cosmetic Containers 5 Gram Size Pot Jars Eyshadow Container Lot Size: Diameter: 1 1/2\" x 1 1/2\" (Comes With 1 Free Myo Eyeshadow Sample)', 'Beauty'),
(92, '#1 Blackhead & Blemish Remover Kit - Equinox Acne Treatment - 5 Professional Surgical Extractor Instruments - Easily Cure Pimples Blackheads Comedones Acne and Facial Impurities', 'Beauty'),
(93, '12 New High Quality Amber 2 ml (5/8 Dram) Glass Bottles with Orifice Reducer and Black Cap.', 'Beauty'),
(94, '6packs Eyelashes - 747S by Christina', 'Beauty'),
(95, 'Alba Botanica Sunless Tanning Lotion 4 Ounce', 'Beauty'),
(96, 'Andrea Eye Q\'s Ultra Quick Eye Makeup Remover Pads 65-Count (Pack of 3)', 'Beauty'),
(97, 'Antifungal Soap with Tea Tree Oil & Neem 12oz. Helps Wash Away Athletes Foot Body Odor Acne Jock Itch Nail Fungus Ringworm. Foot & Body Wash. 100% Natural Care & Defense Against Skin Irritation', 'Beauty'),
(98, 'Ardell Brow Sculpting Gel - Clear 7.3ml/0.25oz', 'Beauty'),
(99, 'Artnaturals Tea Tree Essential Oil', 'Beauty'),
(100, 'AuraLux Skin Snake Venom Peptide Cream 5% SYN-AKE 1.0 fl. oz/30mL', 'Beauty'),
(101, 'Australian Gold SPF 50 Kids Lotion 8 Ounce', 'Beauty'),
(102, 'Baby Foot Exfoliant Foot Peel Lavender Scented 2.4 Fl. Oz.', 'Beauty'),
(103, 'Bifesta Mandom Eye Makeup Remover 145ml', 'Beauty'),
(104, 'Biore UV Aqua Rich Watery Essence SPF50+/PA++++ (pack of 2)', 'Beauty'),
(105, 'Brut Deodorant Round Solid 2.5 Ounces (Pack of 6)', 'Beauty'),
(106, 'Burt\'s Bees Eye Cream for Sensitive Skin 0.5 Ounces', 'Beauty'),
(107, 'Can You Handlebar All-Natural Secondary Moustache Wax : Extra Strength Firm Hold', 'Beauty'),
(108, 'Carolina Herrera 3.4 fl oz Eau De Toilette Spray for Men', 'Beauty'),
(109, 'Clogged Pores Natural Cleansing Kit - Vegan Cleanser Face Wash Soap 3.4 oz and Facial Cream 1.7 oz Care - Shea Olive Jojoba Tea Tree & Almond Oils Blend Set', 'Beauty'),
(110, 'Clubman Club Mend 4 Fluid Ounce', 'Beauty'),
(111, 'Clubman Superhold Styling Gel 16 oz', 'Beauty'),
(112, 'Conair Folding Dryer', 'Beauty'),
(113, 'Conair Xtreme Instant Heat Jumbo And Super Jumbo Hot Rollers', 'Beauty'),
(114, 'CoverGirl Queen Collection Perfect Point Plus Eyeliner Black Onyx 200', 'Beauty'),
(115, 'Crest Pro-Health Advanced Mouthwash with Extra Deep Clean', 'Beauty'),
(116, 'Cynergy Health Science Organic Vitamin C Serum - 20% Vitamin C Serum plus Vegan Hyaluronic Acid with Aloe for Reducing Sun Spots Age Spots Anti-Aging and Anti-Wrinkle Skin', 'Beauty'),
(117, 'David Beckham Homme Cologne By David Beckham For Men', 'Beauty'),
(118, 'DenTek Temparin One Step Max Hold 2.64 gram', 'Beauty'),
(119, 'Deva Curl Light Defining Gel 32 oz', 'Beauty'),
(120, 'Diane D722 Color Perm And Conditioner Processing Caps - 100-Pack - Clear', 'Beauty'),
(121, 'Dotting 5 X 2 Way Marbleizing Dotting Pen Set for Nail Art Manicure Pedicure 4 Ounce', 'Beauty'),
(122, 'Dove Men+Care Body and Face Bar Extra Fresh 4 oz 10 Bar', 'Beauty'),
(123, 'Dr Song Benzoyl Peroxide 10% Acne Cream Gel Treatment Lotion up to 8oz', 'Beauty'),
(124, 'Dudu-Osun African Black Soap 150g (6 pack)', 'Beauty'),
(125, 'E.L.F Powder Puffs', 'Beauty'),
(126, 'ECBASKET 500 PCS Stiletto False Nails Short Acrylic Nail Tips 10 sizes Full Coverage Fake Nails(Natural)', 'Beauty'),
(127, 'EM-3513W Sleep Mask', 'Beauty'),
(128, 'Elemis Pro-Collagen Marine Cream - 1.7 fl. oz.', 'Beauty'),
(129, 'Elysee Infusion Skin Therapy Elixir 2oz.', 'Beauty'),
(130, 'Estee Lauder Pleasures Flower Eau De Parfum Spray 75ml/2.5oz', 'Beauty'),
(131, 'Etude House Fresh Cherry Tint # 02 RD301', 'Beauty'),
(132, 'EyeBuyExpress Rectangle Black Reading Glasses Half Rim Spring Hinges', 'Beauty'),
(133, 'Goddess Remi Human Hair Weave Bump - Trio 2 4 6', 'Beauty'),
(134, 'Grand Parfums Empty 2ml Amber Glass Micro Mini Rollon Dram Glass Bottles with Metal Roller Balls - Refillable Aromatherapy Essential Oil Roll On - Bulk - 1/2 Dram Pack of 6 -', 'Beauty'),
(135, 'Greenwich Bay CUCUMBER OLIVE OIL Shea Butter Hand & Body Lotion Enriched with Cocoa Butter 16 oz', 'Beauty'),
(136, 'HSI Professional Glider | Ceramic Tourmaline Ionic Flat Iron Hair Straightener | Straightens & Curls with Adjustable Temp | Incl Glove Pouch & Travel Size Argan Oil Hair Treatment | Packaging Varies', 'Beauty'),
(137, 'Hoyts Original Cologne 1868', 'Beauty'),
(138, 'India Temple Incense - Song of India - 120 Stick Large Box', 'Beauty'),
(139, 'InstaNatural Cellulite Cream - With Caffeine and Retinol - Firming Lotion and Dimple Remover for Legs Arms Stomach Buttocks and More - No Wrap Needed - With Jojoba Oil and Vitamin E - 4 OZ', 'Beauty'),
(140, 'InstaNatural Eye Gel Cream - Wrinkle Dark Circle Fine Line & Redness Reducer - Pure & Organic Anti Aging Blend for Men & Women with Hyaluronic Acid - Fight Bags & Lift Skin Under Eyes  50ml', 'Beauty'),
(141, 'Its a 10 it&#39s a 10 Miracle Leave-in Plus Keratin (4.0 oz)', 'Beauty'),
(142, 'Jenna Jameson Heartbreaker Perfume parent', 'Beauty'),
(143, 'Jerdon J1015 LED Lighted Makeup Mirror with 5x Magnification White Finish', 'Beauty'),
(144, 'Joy & Karma Topical Vitamin C Anti Aging Serum for Face with Hyaluronic Acid 1 fl oz', 'Beauty'),
(145, 'Julep Stargazer Gel Eye Gliders', 'Beauty'),
(146, 'Kenz Laurenz  Cotton Headbands 12 Pack (Available in LOTS of COLORS) - Soft and Stretchy Elastic Yoga Fashion Headband for Teens Women Girls Softball Volleyball Soccer Basketball Dance Cheer Pack Sports Teams Stretch Head Band Set Hair Wrap Accessories Wholesale by Kenz Laurenz', 'Beauty'),
(147, 'Korean Cosmetics_Isa Knox X2D2 Original Hydra Serum_50ml', 'Beauty'),
(148, 'L\'Oreal Paris Excellence Crme with Pro-Keratine Complex', 'Beauty'),
(149, 'L.A. Girl Matte Flat Finish Pigment Gloss', 'Beauty'),
(150, 'Majestic Pure Essential Oil 100% Pure and Natural with Therapeutic Grade Premium Quality Oil 4fl', 'Beauty'),
(151, 'Maybelline Great Lash Washable Mascara Clear [110] 1 ea', 'Beauty'),
(152, 'Maybelline New York The Nudes Eye Shadow Palette 0.34 oz.', 'Beauty'),
(153, 'Mederma Advanced Scar Gel (50 g)', 'Beauty'),
(154, 'Mens Durable Shave Soap Cup Shinning Stainless Steel Shaving Mug Bowl', 'Beauty'),
(155, 'Merkur Futur MK 23C Long-Handled Traditional Double Edge Safety Razor - Excellent Comfort Control and Design - 4.2 Inches Chrome Finish', 'Beauty'),
(156, 'Murad Clarifying Cleanser', 'Beauty'),
(157, 'Nubian Heritage Coconut & Papaya Soap', 'Beauty'),
(158, 'OPTP Original McKenzie Cervical Roll - (703) Pillow for spine and neck support during sleep', 'Beauty'),
(159, 'Olay Smooth Finish Facial Hair Removal Duo - Medium To Coarse Hair Pack of 2 Box.', 'Beauty'),
(160, 'Old Spice Men\'s Shaver', 'Beauty'),
(161, 'Oral-B Vitality Prowhite Rechargeable Electric Toothbrush 1 Count', 'Beauty'),
(162, 'Orly Nail Lacquer 06 Fluid Ounce', 'Beauty'),
(163, 'PURA DOR Organic Moroccan Argan Oil 100 Percent Pure Cold Pressed and USDA Organic Anti-Aging For Face Hair Skin and Nails 4 Fluid Ounce', 'Beauty'),
(164, 'Palladio Rice Powder', 'Beauty'),
(165, 'Paris Woman Perfume impression of Paris Hilton for Women', 'Beauty'),
(166, 'Philips Sonicare Essence Rechargeable Electric Toothbrush', 'Beauty'),
(167, 'Philips Sonicare Powerup Battery Toothbrush', 'Beauty'),
(168, 'Premium Makeup Sponge Blender Duo  Black and Pink Egg Shaped Colorful Cosmetic Appliator set - Use This Ecotools for Blending Wet or Powder Foundation and Concealer - Get the Quality for Less Price!', 'Beauty'),
(169, 'Proganix Agave Nectar Plus Silica Curling Cream Plus Defrizzant 6 Ounce', 'Beauty'),
(170, 'Revlon Perfect Heat Jumbo 3 Barrel Waver', 'Beauty'),
(171, 'Rose Water', 'Beauty'),
(172, 'Schick Hydro Silk TrimStyle Moisturizing Razor', 'Beauty'),
(173, 'Shea Butter', 'Beauty'),
(174, 'Skulls and Roses Ed Hardy Eau De Parfums for Women', 'Beauty'),
(175, 'Super 6 Serum- w Vitamin C 22% + Hyaluronic Acid + 2.5% Retinol + CoQ10 for 6X Anti-Aging Benefits w Best Natural Astaxanthin & Niacinamide to Fight Wrinkles Fine Lines Acne & Spots', 'Beauty'),
(176, 'Sweet Almond Oil for Skin Hair and Face - Large 16oz - WITH PUMP + FREE Recipe eBook! - All Natural Sensual Massage Oil - Use with Essential Oils and Aromatherapy as a Carrier and Base oil', 'Beauty'),
(177, 'Swissco Suction Cup Mirror 12x Magnification 5 inches', 'Beauty'),
(178, 'System 2 Noticeably Thinning For Fine Hair Kit Nioxin 10.1oz Cleanser 5.07oz Scalp Therapy 3.38oz Scalp Treatment Unisex 3 Pc Kit', 'Beauty'),
(179, 'TRESemm PERFECTLY (UN)DONE Hair Spray 7.7 oz', 'Beauty'),
(180, 'The Naked Bee Vitmin C Moisturizing Sunscreen SPF 30 5.5 oz (163 ml.)', 'Beauty'),
(181, 'TheraBreath Dry Mouth Lozenges', 'Beauty'),
(182, 'UltraSwim Chlorine Removal Shampoo 7 fl oz (207 ml)', 'Beauty'),
(183, 'Unite Smoothing Shampoo & Condition 10oz 300ml Duo Set', 'Beauty'),
(184, 'Vintage Lil\' Sponge Holder', 'Beauty'),
(185, 'Viviscal Extra Strength Hair Nutrient Tablets', 'Beauty'),
(186, 'Waterpik Aquarius Water Flosser', 'Beauty'),
(187, 'XTAVA Define Lashes Volumizing Waterproof Mascara (Black) - Long-wear Formula with Easy-On Easy-Off Technology (TM) - Fiber Thickening & Lash Lengthening Voluminous Mascara - Smudge Clump and Flake Resistant - Cruelty Free', 'Beauty'),
(188, 'YEOUTH Best Anti Aging Vitamin C Serum with Hyaluronic Acid & Tripeptide 31 Trumps ALL Others. 100% Guaranteed', 'Beauty'),
(189, 'Alprazolam', 'Drug'),
(190, 'Amitiza', 'Drug'),
(191, 'Amitriptyline', 'Drug'),
(192, 'Aripiprazole', 'Drug'),
(193, 'Ativan', 'Drug'),
(194, 'Atripla', 'Drug'),
(195, 'Augmentin XR', 'Drug'),
(196, 'Azithromycin', 'Drug'),
(197, 'Buprenorphine', 'Drug'),
(198, 'Buprenorphine / naloxone', 'Drug'),
(199, 'Bupropion', 'Drug'),
(200, 'Cialis', 'Drug'),
(201, 'Clomiphene', 'Drug'),
(202, 'Clonazepam', 'Drug'),
(203, 'Contrave', 'Drug'),
(204, 'Daytrana', 'Drug'),
(205, 'Dextromethorphan', 'Drug'),
(206, 'Docusate / senna', 'Drug'),
(207, 'Doxycycline', 'Drug'),
(208, 'Drospirenone / ethinyl estradiol', 'Drug'),
(209, 'Dulaglutide', 'Drug'),
(210, 'Dulcolax', 'Drug'),
(211, 'Effexor XR', 'Drug'),
(212, 'Eflornithine', 'Drug'),
(213, 'Elbasvir / grazoprevir', 'Drug'),
(214, 'Estradiol', 'Drug'),
(215, 'Etanercept', 'Drug'),
(216, 'Ethinyl estradiol / levonorgestrel', 'Drug'),
(217, 'Ethinyl estradiol / norgestimate', 'Drug'),
(218, 'Etonogestrel', 'Drug'),
(219, 'Fluconazole', 'Drug'),
(220, 'Fluoxetine', 'Drug'),
(221, 'Fluvoxamine', 'Drug'),
(222, 'Gildess Fe 1 / 20', 'Drug'),
(223, 'Guanfacine', 'Drug'),
(224, 'Imitrex', 'Drug'),
(225, 'Implanon', 'Drug'),
(226, 'Intuniv', 'Drug'),
(227, 'Keppra', 'Drug'),
(228, 'L-methylfolate', 'Drug'),
(229, 'Lamotrigine', 'Drug'),
(230, 'Latuda', 'Drug'),
(231, 'Ledipasvir / sofosbuvir', 'Drug'),
(232, 'Levonorgestrel', 'Drug'),
(233, 'Liraglutide', 'Drug'),
(234, 'Lithium', 'Drug'),
(235, 'Lo Loestrin Fe', 'Drug'),
(236, 'Lybrel', 'Drug'),
(237, 'Metaxalone', 'Drug'),
(238, 'Mobic', 'Drug'),
(239, 'Monistat 7-Day Combination Pack', 'Drug'),
(240, 'Morphine', 'Drug'),
(241, 'MoviPrep', 'Drug'),
(242, 'Nature-Throid', 'Drug'),
(243, 'Nexplanon', 'Drug'),
(244, 'Nilotinib', 'Drug'),
(245, 'NuvaRing', 'Drug'),
(246, 'Opdivo', 'Drug'),
(247, 'Ortho Evra', 'Drug'),
(248, 'Oxcarbazepine', 'Drug'),
(249, 'Oxycodone', 'Drug'),
(250, 'Pentasa', 'Drug'),
(251, 'Phillips\' Milk of Magnesia', 'Drug'),
(252, 'Plan B One-Step', 'Drug'),
(253, 'Prepopik', 'Drug'),
(254, 'Pyridium', 'Drug'),
(255, 'Qvar', 'Drug'),
(256, 'Sertraline', 'Drug'),
(257, 'Sildenafil', 'Drug'),
(258, 'Spironolactone', 'Drug'),
(259, 'Sronyx', 'Drug'),
(260, 'Symbyax', 'Drug'),
(261, 'Tamsulosin', 'Drug'),
(262, 'Tioconazole', 'Drug'),
(263, 'Topiramate', 'Drug'),
(264, 'Toradol', 'Drug'),
(265, 'Trazodone', 'Drug'),
(266, 'Tretinoin', 'Drug'),
(267, 'Trilafon', 'Drug'),
(268, 'Trimethoprim', 'Drug'),
(269, 'Valsartan', 'Drug'),
(270, 'Venlafaxine', 'Drug'),
(271, 'Viberzi', 'Drug'),
(272, 'Wellbutrin', 'Drug'),
(273, '10-11mm Baroque Freshwater Cultured Pearl Endless Necklace 32\" 60\" 64\" In Dyed and Natural Colors', 'Jewelry'),
(274, '14K Yellow Gold Braided Rope Bracelet 7.25\"', 'Jewelry'),
(275, '16g Clear Curved Eyebrow Ring Body Jewelry Piercing Retainer with O Ring 16 Gauge 3/8\" By Eg Gifts', 'Jewelry'),
(276, '3-row White A Grade Freshwater Cultured Pearl Necklace (6.5-7.5mm) 16.5\" 17\"/18\"', 'Jewelry'),
(277, 'Authentic \"Retired\" Murano Glass Crystal Charm Bead for Pandora Bracelets Black /white Swirly Swirl 790676 Threaded Core 925 Sterling Silver for Chamilia Too', 'Jewelry'),
(278, 'Chain 22K 23K 24K THAI BAHT GOLD GP NECKLACE 24\" 50 Grams Jewelry', 'Jewelry'),
(279, 'Disney \"Princess\" Girl\'s Sterling Silver Pink Cubic Zirconia Heart Pendant Necklace and Chain 18\"', 'Jewelry'),
(280, 'Dogeared Reminder \"Good Luck\" Elephant Pendant Necklace 16\"', 'Jewelry'),
(281, 'Industrial Barbell Black Titanium Anodized 14G 1 1/2\"Length', 'Jewelry'),
(282, 'Pro Jewelry Dangling \"Cat w/ Heart\" Clip-on Bead for Charm Bracelet 04843', 'Jewelry'),
(283, 'Silver Tone Micro Baby Angel Pendant 2mm 24\" Box Chain Necklace MMP1RBX', 'Jewelry'),
(284, 'Sterling Silver Circle \"Friends Forever\" Infinity Symbol Pendant Necklace 18\"', 'Jewelry'),
(285, 'Sterling Silver Family Pendant Necklace 18\"', 'Jewelry'),
(286, '(C) Smiley Face Sun Charm', 'Jewelry'),
(287, '1 Pair of 00 Gauge (00G - 10mm) Double Flare Emerald Green Glass Tunnel Plugs', 'Jewelry'),
(288, '14 Karat White Gold Heart Shape 1.00 Carats Created Alexandrite Diamond Pendant', 'Jewelry'),
(289, '2.95 Ct Halo Cubic Zirconia Stainless Steel Engagement Ring Band Women\'s Sz 5-10', 'Jewelry'),
(290, '21 ct. Oval CZ Solitaire Ring', 'Jewelry'),
(291, '3 Ring Guards 14K Gold Filled Ladies Jewelry Sizers', 'Jewelry'),
(292, '316L Stainless Steel Apple Green Cubic Zirconia CZ Eternity Wedding 3MM Band Ring', 'Jewelry'),
(293, '6MM Ladies Eternity Titanium Ring Cubic Zirconia Wedding Band with CZ sizes 4 to 9', 'Jewelry'),
(294, '6mm Wide 316L Stainless Steel Ring 5 clear CZ gem Band', 'Jewelry'),
(295, '8mm Men\'s Titanium Ring Wedding Band Silver Black Round Cubic Zirconia Size 7-15 SPJ', 'Jewelry'),
(296, '925 Sterling Silver Celtic Knot Eternity Band Ring', 'Jewelry'),
(297, '925 Sterling Silver Cubic Zirconia CZ Promise Engagement 2.15 ct.tw Band Ring', 'Jewelry'),
(298, '925 Sterling Silver Finish 6ct Simulated Diamond Stud Set', 'Jewelry'),
(299, '925 Sterling Silver Sis Sister Heart Charm Bracelet', 'Jewelry'),
(300, 'A Pair Nipple rings Flower shape Nickel free nipple shield Copper fashion women body piercing jewelry', 'Jewelry'),
(301, 'Beads Hunter 925 Sterling Silver Gold on Blue Starbursts Glass Bead Fits European Bracelet', 'Jewelry'),
(302, 'Black Stainless Steel Dragon Stud Earrings for Men', 'Jewelry'),
(303, 'Black Stainless Steel Illusion Round Tunnel Plug Post Stud Earrings 5mm', 'Jewelry'),
(304, 'Body Accentz&reg; Belly Button Navel Ring Body Jewelry 14g Double Gem Lot of 8', 'Jewelry'),
(305, 'CHOOSE YOUR COLOR Sterling Silver Heart Promise Ring', 'Jewelry'),
(306, 'Cascading strands of Gray and White Faux Pearls - Gunmetal Steel and White Pearls', 'Jewelry'),
(307, 'Cavalier Jewelers 8MM Cobalt Chrome Ring Wedding Band - Flat Brushed Top and Polished Finish Edges', 'Jewelry'),
(308, 'Claire\'s Accessories Girls Gold Chain Link Stretch Bracelet', 'Jewelry'),
(309, 'Crystal Stretch Adjustable Ring', 'Jewelry'),
(310, 'DSJ Stainless Steel Rose Wood Inlay Silver Beveled Edge Band Ring', 'Jewelry'),
(311, 'Dainty Double Initial Necklace with Adjustable Chain and Extender', 'Jewelry'),
(312, 'Disney Tsum Tsum Dumbo Pin', 'Jewelry'),
(313, 'EVER FAITH Austrian Crystal Vintage Style 4.5 Inch Parrot Brooch Pendant', 'Jewelry'),
(314, 'Essential Oils Aromatherapy Diffuser Locket Necklace', 'Jewelry'),
(315, 'Everbling Purple and Clear Briolette Drop Swarovski Elements Crystal Earrings', 'Jewelry'),
(316, 'Exquisite Mens Bangle Bracelet Stainless Steel Cuff Bracelet Grooved Polished and Satin', 'Jewelry'),
(317, 'FAIRY COUPLE Women\'s Cubic Zirconia Eternity Bands Engagement Ring R21', 'Jewelry'),
(318, 'Fun Daisy New Design Jewelry Vintage Grand Choker Rhinestones Fashion Necklace', 'Jewelry'),
(319, 'GULICX Jewelry Rose Gold Tone Hollow Clear CZ Zircon Fit Gorgeous Hoop Earring for girl', 'Jewelry'),
(320, 'Genuine Natural Baltic Amber Adjustable Stretch Ring for Women', 'Jewelry'),
(321, 'Goldtone with Fashionable Woman Adjustable 17 Inch Rolo Chain Necklace with Matching Stud Earrings Set (B-2698)', 'Jewelry'),
(322, 'Harry Potter golden snitch OWL Style Flying ball necklace', 'Jewelry'),
(323, 'Heirloom Finds Sparking Crystal Kitten Cat Animal Pendant Necklace Silver Tone', 'Jewelry'),
(324, 'Hokage Naruto Pendant Necklace Double Bands Konoha Sign', 'Jewelry'),
(325, 'Horizontal Sideway Lateral Cross Pendant Necklace Stainless Steel with 20 inches Chain', 'Jewelry'),
(326, 'Hypoallergenic Sterling Silver Aurora Borealis Aqua Crystal Round Stud Earrings for Kids (Nickel Free)', 'Jewelry'),
(327, 'JOTW Heart Bracelet 12mm Cuban Link Toggle Chain Iced Out Sparkling Crystal Stones Bracelet for Women (S-1660)', 'Jewelry'),
(328, 'Jenaforte  .925 Sterling Silver Expandable Charm Bangle Bracelets Expandable Available in Size\'s', 'Jewelry'),
(329, 'Jenaforte  .925 Sterling Silver Expandable Charm Bangle Bracelets with Mix Charms', 'Jewelry'),
(330, 'Jenaforte  .925 Sterling Silver Rhodium Plated Enameled Red Crab Charm', 'Jewelry'),
(331, 'JewelrieShop Unisex Handmade Raw Made Real Genuine Leather Cuff Bracelet Wristband Adjustable', 'Jewelry'),
(332, 'KONOV Mens Stainless Steel Ring Classic Vintage Blue', 'Jewelry'),
(333, 'KONOV Mens Stainless Steel Ring Gothic Skull Hand Claw Poker Playing Card Black', 'Jewelry'),
(334, 'Kenneth Cole New York Two-Row Necklace', 'Jewelry'),
(335, 'Large Watch/Cuff Bracelet Jewelry Gift Box: Carnival Collection', 'Jewelry'),
(336, 'MBOX Expandable Antique Gold ToneAntique Sliver Tone & Antique Bronze Letters Wire Bangle Bracelet', 'Jewelry'),
(337, 'Magnoli Clothiers Doctor Who Style Capaldi Ring', 'Jewelry'),
(338, 'Metal Factory 925 Sterting Silver Plumeria Cubic Zirconia CZ with Maile Leaf Hawaiian Flower Band Ring', 'Jewelry'),
(339, 'NINABOX Valentine\'s Gifts SWAROVSKI ELEMENTS Zirconia Tennis Bracelet Fashion Wedding Jewelry', 'Jewelry'),
(340, 'Nermix Harry Potter Time-Turner Rotating Hourglass Pendant Alloy Necklace (Golden)', 'Jewelry'),
(341, 'Non-piercing Septum Jewelry: Gold Silver Tone Tribal Hanger 4 pcs Nose Ring (No Piercing Required)', 'Jewelry'),
(342, 'Pair of 2 Rings: 16g 1/2 Inch Surgical Steel Segment Hoop Ring Circular Barbell Earrings', 'Jewelry'),
(343, 'Remedios Bridal Flower Side Hair Comb Wedding Accessory Rhinestone Headpiece', 'Jewelry'),
(344, 'Rope Braided Band Simulated Coral Fashion Bali Ring New .925 Sterling Silver Sizes 6-9', 'Jewelry'),
(345, 'Royal Blue/White KC ROYALS Silver Tone Multi Charm Toggle Bracelet Kansas City Sports', 'Jewelry'),
(346, 'SHINYSO 22\'\' 2.0mm Stainless Steel Silver Women\'s Necklace O Chain-22 Inch', 'Jewelry'),
(347, 'SUNNOW Women Grils Bohemian Jewelry Alloy Pendant Multilayer Short Necklace', 'Jewelry'),
(348, 'Sankuwen Fashional 7pcs Stack Plain Rings Cute Eye Bowknot Crown Rhinestone Joint Rings', 'Jewelry'),
(349, 'Scheppend Polymer Clay Cute Cartoon Fox Handmade Stud Earrings ', 'Jewelry'),
(350, 'Set of 3 Nose Rings: 22g Sterling Silver CZ Nose Studs - Clear Pink & Light Purple', 'Jewelry'),
(351, 'Skyvan One Piece Bride Ankle Bracelet Crochet for Women Sandals Beach Foot Jewelry Anklet Rhinestone Barefoot', 'Jewelry'),
(352, 'Stainless Steel Designer Inspired Screw Head Oval Bangle Bracelet Rose gold 7mm Wide (8 Inches)', 'Jewelry'),
(353, 'Sterling Silver 2ct Diamond Three Row Bracelet', 'Jewelry'),
(354, 'Sterling Silver 3mm 24 Inch Beaded Rosary Necklace with Dangling Cross (I-1520)', 'Jewelry'),
(355, 'Sterling Silver 8-9mm White Hand-pick Genuine Cultured Freshwater Pearl High Luster Stud Earring.', 'Jewelry'),
(356, 'Sterling Silver Bezel-Set Faceted Circle CZ Station by the Yard Necklace', 'Jewelry'),
(357, 'Sterling Silver Faceted Genuine Amethyst Pear Shape Pendant and Earrings Set (19.50 cttw With 18 Inch Silver Chain)', 'Jewelry'),
(358, 'Sterling Silver Infinity Twist Bead Dangle Earrings', 'Jewelry'),
(359, 'Sterling Silver Italian 1.4 mm Singapore-Chain Necklace', 'Jewelry'),
(360, 'Sterling Silver Knitting Wool Ball Bead for European Charm Bracelets', 'Jewelry'),
(361, 'Sterling Silver Plain 3 mm Classic Domed Wedding Band Thumb Ring (4 to 13)', 'Jewelry'),
(362, 'Surgical Stainless Steel Domed 9mm Fishbone Ring Wedding Band Comfort-Fit sizes 7 - 14', 'Jewelry'),
(363, 'TEMEGO Jewelry Mens 2pcs Rhodium Plated Vintage Superman Symbol Wedding Cufflinks Shirt Cufflinks Black Silver', 'Jewelry'),
(364, 'TIR-0008 Solid Titanium Rose Gold IP 6mm Wide Classic Band Ring; Comes With Free Gift Box', 'Jewelry'),
(365, 'Women Gold Plated Jewelry set Red & Green Beads Crystal Necklace Earrings Bracelet Ring', 'Jewelry'),
(366, 'Womens Copper Platinum Plated Tennis Bracelet with Cubic Zirconia Purple', 'Jewelry'),
(367, 'YAZILIND Jewelry Full Pretty Dolphin Brooches and Pins for Wedding Party', 'Jewelry'),
(368, 'YAZILIND Valentine Day Gift Cute y Lying Cat Ear Wire Hook Dangle Earrings', 'Jewelry'),
(369, 'Zehui Chap Turquoise Beads Tibetan Silver Cute Elephant Stretch Bangle Bracelet', 'Jewelry'),
(370, 'niceEshop(TM)Classic Vintage Champagne Cross Pendant With Chain', 'Jewelry'),
(371, 'zjskin6688 store New fashion Hip-Hop African Map Pendant Wood Bead Rosary Necklaces', 'Jewelry'),
(372, 'Carolina Mens 6\" Waterproof Broad Composite Toe Work Boot', 'Shoes'),
(373, 'Timberland Pro Men\'s Titan 6\" Lace-to-Toe Safety Toe Boot', 'Shoes'),
(374, 'Women\'s Fun Design Lightweight & Comfortable Nurse Clogs Plus A FREE \"SHOP USA\" Brand Eyemask (RUNS BIG)(Paisley) 9', 'Shoes'),
(375, 'ASICS Men\'s GEL-Contend 3 Running Shoe', 'Shoes'),
(376, 'ASICS Men\'s GEL-Venture 4', 'Shoes'),
(377, 'ASICS Men\'s Gel Kayano 21 Running Shoe', 'Shoes'),
(378, 'ASICS Men\'s JB Elite Wrestling Shoe', 'Shoes'),
(379, 'ASICS Women\'s GEL-Kayano 21 Running Shoe', 'Shoes'),
(380, 'ASICS Women\'s GEL-Nimbus 16 Running Shoe', 'Shoes'),
(381, 'AVIA Men\'s Avi-Union Service Shoe', 'Shoes'),
(382, 'Aerosoles Women\'s Wip Zone Sandal', 'Shoes'),
(383, 'Alegria Women\'s Seville Clog', 'Shoes'),
(384, 'Anne Klein Perfect Pair Wristlet', 'Shoes'),
(385, 'Ariat Women\'s Krista Pull-on Steel Toe Western Cowboy Boot', 'Shoes'),
(386, 'BOBS from Skechers Women\'s Pureflex Fashion Slip-On Flat', 'Shoes'),
(387, 'Baggallini Sling Crossbody', 'Shoes'),
(388, 'Baggallini Town Tote -Giraffe Printed', 'Shoes'),
(389, 'Birkenstock Unisex Como Thong Sandal', 'Shoes'),
(390, 'Birki\'s Super Birki Unisex Clog', 'Shoes'),
(391, 'Brooks Mens Ravenna 6', 'Shoes'),
(392, 'Brooks Womens Ariel 14', 'Shoes'),
(393, 'Bundle Monster Womens Vintage Satin Cocktail Party Handbag w/Shoulder Chain-BLACK', 'Shoes'),
(394, 'Columbia Women\'s Bugaboot Snow Boot', 'Shoes'),
(395, 'Comfy Feet Womens Snooki House Slippers', 'Shoes'),
(396, 'Crocs Women\'s Capri Leopard Print Flip-Flop', 'Shoes'),
(397, 'Crocs Women\'s Cyprus IV Heel', 'Shoes'),
(398, 'Crocs Women\'s Shayna Realtree Xtra Mary Jane', 'Shoes'),
(399, 'DC Men\'s Court Graffik SE Skateboarding Shoe', 'Shoes'),
(400, 'DC Women\'s Haven SP Skate Shoe', 'Shoes'),
(401, 'Dr. Marten\'s Women\'s 1460 Black Patent Lamper Boots', 'Shoes'),
(402, 'Dr. Martens Mens Original 8053 Oxford', 'Shoes'),
(403, 'Dunham Men\'s Blair Slip-On', 'Shoes'),
(404, 'ECCO Men\'s Chander Retro Sneaker', 'Shoes'),
(405, 'Etonic Women\'s Minado 5 MC W Walking Shoe', 'Shoes'),
(406, 'Fabuxry Casual Canvas Zipper Single Adjustable Strap Shoulder Bags Messenger Crossbody Handbags', 'Shoes'),
(407, 'Foot Sox Original Sanitary Disposable Try on Socks', 'Shoes'),
(408, 'Forever Link Womens Vera-82 Sandals', 'Shoes'),
(409, 'G By Guess Women Varika Mary Jane Platform Pumps US', 'Shoes'),
(410, 'Hi-Tec Kid\'s Nepal Waterproof Junior Hiking Boot (Toddler/Little Kid/Big Kid)', 'Shoes'),
(411, 'Hoka One One Conquest Ladies Running Shoes', 'Shoes'),
(412, 'Hoka One One Men\'s Stinson Lite Shoe', 'Shoes'),
(413, 'KEEN Women\'s Rose Slide Sandal', 'Shoes'),
(414, 'LogoLenses Wedding Classic Sunglasses', 'Shoes'),
(415, 'Lucky Brand Women\'s Lk-Emmie Ballet Flat', 'Shoes'),
(416, 'Luxehome Women\'s Cozy Fleece House Slippers', 'Shoes'),
(417, 'MESSI 15.3 FG/AG SOCCER SHOES (8.5)', 'Shoes'),
(418, 'MJ Eyewear New Vintage Classic Sunglasses Half Frame Semi-Rimless Retro Classic Glasses', 'Shoes'),
(419, 'Men\'s Sebago Douglas', 'Shoes'),
(420, 'Merrell Men\'s Mojave Mid Waterproof Hiking Boot', 'Shoes'),
(421, 'Minnetonka Men\'s Double Deerskin Softsole Moccasin', 'Shoes'),
(422, 'Mohem Men\'s Poseidon Fashion Sneakers Casual Walking Shoes Water Shoes', 'Shoes'),
(423, 'MyLux Women Fashion Designer Rhinestone Studs Tote Handbag 900', 'Shoes'),
(424, 'Naturalizer Women\'s Happening Dress Sandal', 'Shoes'),
(425, 'New Balance Men\'s MX608V4 Training Shoe', 'Shoes'),
(426, 'New Balance Women\'s W850v1 Running Shoe', 'Shoes'),
(427, 'New Balance Women\'s WW411 Health Walking Shoe', 'Shoes'),
(428, 'Nike Men\'s KD VII BHM EP BHM-BLACK/WHITE-WOLF GREY', 'Shoes'),
(429, 'Nike Womens Air Rift Mesh Trainers', 'Shoes'),
(430, 'Nine West Women\'s Blustery Suede Ballet Flat', 'Shoes'),
(431, 'Oakley Jupiter Non-Polarized Square Sunglasses', 'Shoes'),
(432, 'Olukai Nohea Mesh Shoe - Men\'s', 'Shoes'),
(433, 'OverBling Sneakers for Men Casual Men Shoes Genuine Leather Shoes Slip On Boat Loafers', 'Shoes'),
(434, 'Propet Women\'s Mary Jane', 'Shoes'),
(435, 'Puma Trinomic XS 850 Mi Mens Black Sneakers', 'Shoes'),
(436, 'RYKA Women\'s Vida RZX Cross-Training Shoe', 'Shoes'),
(437, 'Reef Women\'s Scrunch TX Flip-Flop', 'Shoes'),
(438, 'Refresh Mara-06 Womens Ankle Strap Comfort Wide Band Platform Wedge Sandals', 'Shoes'),
(439, 'Relic Caraway Double Shoulder Bag', 'Shoes'),
(440, 'Rocket Dog Women\'s Wavey Hampton Cotton Santa Barbra Webbing Slip-On Shoe', 'Shoes'),
(441, 'Salomon Women\'s Fellraiser W Trail Running Shoe', 'Shoes'),
(442, 'Sanuk Women\'s On The Prowl Flat Shoe', 'Shoes'),
(443, 'Saucony Originals Men\'s Jazz Low Pro Vegan Sneaker', 'Shoes'),
(444, 'Shoe Goo Repair Adhesive for Fixing Worn Shoes or Boots Clear 3.7-Ounce Tube', 'Shoes'),
(445, 'Shoes 18 Womens Canvas Shoes Lace up Sneakers 18 Colors Available', 'Shoes'),
(446, 'Skechers Kids Damager Game Kicks Light-Up Sneaker', 'Shoes'),
(447, 'Skechers Performance Women\'s Go Walk Extend Slip-On Walking Shoe', 'Shoes'),
(448, 'Skechers Sport Men\'s Equalizer Persistent Slip-On Sneaker', 'Shoes'),
(449, 'Skechers Sport Women\'s Loving Life Memory Foam Fashion Sneaker', 'Shoes'),
(450, 'Skechers Women\'s Reggae Sun Fest Sandal', 'Shoes'),
(451, 'Sperry Top-Sider Men\'s Sea Kite Sport Boat Shoe', 'Shoes'),
(452, 'Sperry Top-Sider Womens Angelfish 2-Eye Critters Boat Shoe Ivory 7 M US', 'Shoes'),
(453, 'Studded Flat Top Sunglasses Bold Square DG Fashion Sunglasses Unisex', 'Shoes'),
(454, 'TOMS Women\'s Classics Flat', 'Shoes'),
(455, 'Teva Men\'s Pajaro Flip-Flop', 'Shoes'),
(456, 'Teva Women\'s Kayenta Sandal', 'Shoes'),
(457, 'Travel Smart Hand Pouch Bag In Bag Organiser Cosmetic Gadget Purse Organizers Inserts', 'Shoes'),
(458, 'Twisted Girl\'s Champion Casual Boat Shoe', 'Shoes'),
(459, 'Twisted Women\'s DRIZZY Tall Cute Rubber Rain Boots', 'Shoes'),
(460, 'Under Armour Women\'s Valsetz Boots 10 Black', 'Shoes'),
(461, 'Vans Unisex Era Sneakers', 'Shoes'),
(462, 'Versace Collection Black Perforated Leather Loafers Shoes', 'Shoes'),
(463, 'West Blvd Athens Riding Mid-Calf Riding Motorcycle Biker Low Heel Boots', 'Shoes'),
(464, 'West Blvd Womens Cairo Military Lace Up Combat Boots', 'Shoes'),
(465, 'White Mountain Women\'s Icon', 'Shoes'),
(466, 'adidas Men\'s 10K Lifestyle Runner Sneaker', 'Shoes'),
(467, 'adidas Outdoor Women\'s Terrex Fast X GTX Hiking Shoes', 'Shoes'),
(468, 'adidas Performance Men\'s Thrasher 1.1 M Trail Running Shoe', 'Shoes'),
(469, 'adidas Performance Women\'s Galaxy Elite W Running Shoe', 'Shoes'),
(470, 'adidas outdoor Men\'s Ax 2 Hiking Shoe', 'Shoes'),
(471, 'zeroUV - Retro Half Frame Semi-Rimless P3 Round Horn Rimmed Sunglasses', 'Shoes');

-- --------------------------------------------------------

--
-- Table structure for table `review_table`
--

CREATE TABLE `review_table` (
  `id_review` int(11) NOT NULL,
  `product_key` int(11) DEFAULT NULL,
  `time_key` int(8) DEFAULT NULL,
  `review_comment` varchar(2505) DEFAULT NULL,
  `vote_score` int(10) DEFAULT NULL,
  `rating` int(6) DEFAULT NULL
) ENGINE=InnoDB DEFAULT CHARSET=utf8 COLLATE=utf8_general_ci;

--
-- Dumping data for table `review_table`
--

INSERT INTO `review_table` (`id_review`, `product_key`, `time_key`, `review_comment`, `vote_score`, `rating`) VALUES
(0, 31, 46, 'really work great tweaking really work great need know things ive using mine years first paid dollars less mine price jumped theyre imported try find either cheaper one one thats extremely well made one made well enough youre careful thing cut dont let kid use 34because looks like fun34 need pineapple thats big enough cant tell many times went walmart grocery store pineapples small diameter big enough better waste inside huskbr br im finished using pineapple corer cut husk pineapple get rest pineapple cut save core pineapple go iced tea pitcher drink pitcher thats hawaii hawaii never threw away core always used something sometimes even grilled although ive never tried know honey kind teriyaki people also left chunks pineapple husk grilled meat side grill eat chunks grilled pineapple use husks like little bowl dont grill husk part also keep husk whole like bowl take center core fill full fruit salad use drink container dessert containerbr br someone told like make pineapple greek yogurt fill freeze short time ive never tried ive made pineapple cheesecake thats delicious know tricky working pineapple sometimes know youve ever tried make jello put pineapple yikes bromelain pineapple keeps gelatin setting great antiinflammatory helps digestive tract tummy feel better enzyme interferes jello setting upbr br washing extra carful wash separate use tooth picks get pineapple gets stuck little crevices always put parts back box make sure everything dry thats make sure pineapple big enough get pineapple work clean corer protect hands thats thank readingsame enzyme interferes jello setting upbr br washing extra carful wash separate use tooth picks get pineapple gets stuck little crevices always put parts back box make sure everything dry thats make sure pineapple big enough get pineapple work clean corer protect hands thats thank reading', 0, 8),
(1, 75, 46, 'favorite winter warm love dress absolute favorite winter heavy material stretchy shows shape well 5ft 7 120 lbs ordered 28 fits fine tight loose confortable live nd keeps warm winter cold get hot got winter perfect order anothwr different colorbr 0', 1, 10),
(2, 40, 46, 'great socks money nice socks great colors enough support wearing good pair sneakers', 0, 10),
(3, 21, 46, 'slick hat bought husband wow slick hat high quality craftsmanship said sits comfortable gets compliments constantly highly recommend hat', 0, 10),
(4, 39, 46, 'would perfect dress customer service awesome', 0, 10),
(5, 49, 46, 'five stars excellent 6 feet skinny 15 years old boy', 0, 10),
(6, 55, 46, 'love raw way go absolutely love wallet continue buy forever ever', 0, 10),
(7, 38, 46, 'three stars bit large', 0, 8),
(8, 44, 46, 'five stars great fit', 0, 10),
(9, 6, 46, 'favorite shirt bit long heavy hem inhibits turning cut bottom two inches around somewhat comfortable overall material bit heavy liking', 0, 6),
(10, 43, 46, 'jockey womens underwear true size jockey womens underwear true size choice underwear purchase past', 0, 10),
(11, 20, 46, 'five stars cup size right seems little tight around might new', 0, 10),
(12, 51, 46, 'five stars perfect', 0, 10),
(13, 77, 46, 'best ever4 menwoman size men 42448 best ever4 menwoman size men 42448 4042 7 3840 6 guy waist size hold man place nylon 100 best ever 30yrs love sleep black gym slakes blue jeans chnage clothes gym ask kind underwears reply hey6262 get pair vanity fair', 0, 10),
(14, 80, 46, 'five stars great fit', 0, 10),
(15, 26, 46, 'five stars columbia 5 colors wear time', 0, 10),
(16, 66, 46, 'four stars husband found comfy second order', 0, 8),
(17, 76, 46, 'awesome leggings awesome leggings 54 215lbs huge chunk weight thighs butt exaggerating 30 inch thighs 52 inch butt 37 inch waist leggings buttery soft see even sunlight purchased glyph idc black white color one speaking im impressed ordering asap', 6, 10),
(18, 34, 46, 'sizes correct big overall way long ordered size ordered last time shirts much larger previous order also 6 inches longer like sent mens shirts instead boys shirts ill returning', 0, 4),
(19, 42, 46, 'one star exact sizing', 0, 2),
(20, 18, 46, 'warm pajamas love pajamas prepared warm definitely meant cold winter weather besides beautiful', 0, 10),
(21, 79, 46, 'three stars like way fit feel day wish werent expensive', 0, 6),
(22, 36, 46, 'pretty colorthese glamorise bras amazingthey hold day pretty colorthese glamorise bras amazingthey hold day long complaint think bottom band rolls sit downbut universal bra issue think', 0, 10),
(23, 50, 46, 'summer jeans excellent one levis', 0, 10),
(24, 41, 46, 'five stars love sweat shirt', 0, 10),
(25, 35, 46, 'nice sweatshirt neck bit saggy nice sweatshirt', 0, 8),
(26, 56, 46, 'quick arrival colors great fits expected', 0, 8),
(27, 67, 46, 'five stars thank much beautiful', 0, 10),
(28, 33, 46, 'arrived quickly looks image comfortable second tank ordered wear often wash well receive many compliments', 0, 10),
(29, 73, 46, 'expensive cinch sak buy jacket amazon simply worst jacket ever bought bought jacket teenage daughter color color person even worse thick fluffy like looks literally thin mailed rei mailer size manila envelope thought must mistake unfortunately mistakebr really wanted buy daughter nice jacket one would last several years saved money thinking north face good reputation embarrassing talk product see great unveiling thin uninsulated little cinch sakbr save time money buying returning see person determined buy style brand wallet thank', 3, 2),
(30, 45, 46, 'great gift keep mind never seen product ordered dad birthday gift called say thank much loves color able mix suites make statement called tell really like set though modern feel look almost make feel like gift ive gotten actually likes either way great gift', 0, 10),
(31, 25, 46, 'five stars great fit love print probably order', 3, 10),
(32, 68, 46, 'five stars awesome fit hot style love', 0, 10),
(33, 64, 46, 'excellent rfid wallet received rfid blocking leather wallet first thing noticed pebbled texture soft love flip window makes showing identification quick convenientdont worry leaving id behind also navy blue stripe patterns inside billfold section nice touch 8 credit card slots pack plastic slim design nothing bulky course rfid protection built wallet best feature nice worry scanning devices wireless identity theft', 0, 10),
(34, 64, 46, 'roomy soft touch love wallet first thing noticed soft flexible wallets tend bit stiff even completely empty one flexible enough comfortable keep pocket wallets leather soft pebbled texture itbr br wallet also nice look lining inside black white striped thought bit interesting grew pretty quickly edges wallet arent rough seams well donebr br wallet plenty room hold everything need put also really like two spots cash papers back like able keep cash separate anything else isnt possible wallets rfid blocking great additional feature really appreciatebr br love wallet also great wallet giftingbr br received item discount exchange honest review', 1, 10),
(35, 47, 46, 'loves im size 34b size b fit perfectly comfortable feels like wearing practically nothing wore club dress forgot even wearing bra give tatas enough cleavage also simple clean worn probably buy future', 0, 10),
(36, 5, 46, 'five stars fine', 0, 10),
(37, 57, 46, 'really nice socksgood quality super nice comfortable socksi got colors loved itbr thanks great service', 0, 10),
(38, 84, 46, 'cute dress please advised cute dress cute dress please advised cute dress runs small size would definitely need order couple sizes even three sizes larger normal im 5 34334 much shorter expected also sheer would definitely wear slip would definitely cute dress wear could fit', 0, 4),
(39, 74, 46, 'nice solid fit great running yoga pilates classes love tank fits 12 size smaller suggest ordering size great quality tank top', 0, 10),
(40, 53, 46, 'pants great one thing pants great one thingit wasnt right color apparently grey means khaki thats none businessbr seriousness fit great would loved gotten right color', 0, 4),
(41, 62, 46, 'dress looks great dress looks great wrap front hides tummy bulge eat suck stomach wear girdle wish came colors', 0, 10),
(42, 27, 46, 'five stars high quality shirt quick shipping', 1, 10),
(43, 87, 46, 'disappointed product piece doesnt look anything like picture dont waste money something end regretting return company horse', 1, 2),
(44, 23, 46, 'wrong place puerto rican flag', 0, 2),
(45, 72, 46, 'quality good amazing quality goodproduct arrived time described buy seller', 0, 10),
(46, 46, 46, 'shirt arrived fine soon opened shirt arrived fine soon opened could tell would dress shirti 5334it hits mid thigh shirt large fault seller since ordered little large size lot larger expected everything else great though love feel shirt soft wanted different color black gives excuse get another shirt', 0, 10),
(47, 4, 46, 'five stars love love love shirt fits good comfy', 2, 10),
(48, 9, 46, 'reasonable prices thanks clear jewelry drawer loving item', 1, 10),
(49, 60, 46, 'comfy usually wear around comfy usually wear around house dont think pull long enough awesome soft flowy comfy id buy different colors thought could pull outside house', 1, 10),
(50, 61, 46, 'super comfortable cute cute stretchy got patten shown default worn numerous times super comfortable cute stretchy foldover waist allows adjustments length fit well hips', 3, 10),
(51, 78, 46, 'one star dress top cheap fabric linen nothing see photo', 0, 2),
(52, 69, 46, 'love perfect fit comfortable item shipped fast love', 3, 10),
(53, 29, 46, 'five stars great detail cheap', 0, 10),
(54, 63, 46, 'dress cute top runs small dress cute top runs small bottom longim going cut top make skirt', 0, 4),
(55, 24, 46, 'cute henley shirt purchased winter white like like henley style neckline comfy cute never go wrong blair clothing', 0, 10),
(56, 3, 46, 'great curvy body great fit curvy build sexy quality fabric love', 0, 10),
(57, 7, 46, 'excellent warmer heat settings great excellent warmer heat settings great size warmer perfect portable im happy', 1, 10),
(58, 13, 46, 'far tell seems produce good sound son wanted learn play got learning loves guitar light enough fromhim far tell seems produce good sound', 0, 10),
(59, 2, 46, 'one star eastern washington universitys mascot eagle bulldog whoops', 0, 2),
(60, 89, 46, 'five stars best', 0, 10),
(61, 14, 46, 'satisfied beautiful organizer fixed wall bathroom looks good put nail polish different body lotions hair products mandy room different things shipping fast love', 0, 10),
(62, 1, 46, 'five stars love clever design', 0, 10),
(63, 30, 46, 'love denim wash love denim wash ive using past year jeans still look new longer issues fading like normal detergents little goes long way stuff lasted nearly year', 0, 10),
(64, 58, 46, 'material thin see cheap material fit properly extremely see worth price', 0, 2),
(65, 37, 46, 'two stars thats right house picture kraken house greyjoy', 0, 4),
(66, 70, 46, 'great staple fall winter super soft stretchygreat fall winter thank', 7, 10),
(67, 84, 46, 'absolutely love dress absolutely love dress perfect bought size larger knowing reviews ran small im normally medium bought large fit perfect say enough', 1, 8),
(68, 86, 46, 'two stars like picture looks cheap', 0, 4),
(69, 85, 46, 'comfortable wearing comfortable wearingcheap price nice fabric', 4, 10),
(70, 16, 46, 'disappointed shadows beautiful wifes review productbr got amazon little skeptical hopeful buy lot makeup eyeshadow tends weaknes wanted large range colors hoping would really pigmented disappointed shadows beautiful really easy blend super vibrant like much super high end brands', 1, 10),
(71, 83, 46, 'quality seems pretty good cant wear quality seems pretty good cant wear usually wear l size 10 xl way small mebr br received item discounted price exchange honest unbiased review', 0, 4),
(72, 83, 46, 'must tiny waist wear runs small need tiny waist wear style adorable buttons front fully lined ordered large per size chart normally wear 8 4 inches small waist orange white colors pretty style cut length great sizing way offbr received product discount exchange unbiased review opinions ownbr also ordered cotton heather grey skirt xl normally wear 8 xl perfect back zipper works well thick waist pleats make fit well look cute two pockets falls knee cute comfortable', 0, 8),
(73, 82, 46, 'small sadly didnt get wear small big top straps small butt sucks really wanted try feel fabric felt like made correctly cheaplybr br bought discount honest review', 2, 6),
(74, 82, 46, 'come suspenders really looking forward skirt looked nice suspenders picture however mine come suspenders skirt also runs small able comfortably wear size issue suspenders nice skirt stretchy polyester feel buttons front sewn securely theyre going fall br br received discount exchange honest unbiased review', 3, 6),
(75, 22, 46, 'pretty summer top color nicer expected really didnt expect much workmanship lucky top received great ink run material light enough wash sink cool water let drip dry little big supposed swingy happy purchase', 0, 10),
(76, 81, 46, 'bought wife fit bought wife fit little baggy likes lot', 0, 8),
(77, 32, 46, 'like shirt like shirt light weight cling much skin thing like boxy pictured works may work everyone', 0, 8),
(78, 32, 46, 'comfortable shirts received one shirt one nice tee shirt material extremely soft lightweight cute little decorative pocket front seems well made fits really good comfortable wear love material clingy shirt bit longer got grey tiffany color turquoise pretty colors look like pictures also got long sleeve grey one lace back fits really good little heavier weight material tee shirts lace back dresses littlebr disclaimer received item discount honest review', 0, 10),
(79, 32, 46, 'versatile every wardrobe 95 cotton 5 spandex make form fitting tank top adjustable removeable straps great tank every wardrobe worn tops dresses without straps snug fitting strapless kinda machine wash gentle tumble dry low ordered xl per size chart normally wear size 8 36c bra top tight fitting comfortablebr received product discount exchange unbiased review opinions', 0, 10),
(80, 32, 46, '5 stars 5 stars purchased product discounted price exchange honest review', 0, 10),
(81, 32, 46, 'fits little odd across chest like style cute cute top fits little odd across chest like style cute nice material cheap', 0, 8),
(82, 32, 46, 'great quality like colors vibrant great quality like colors vibrant pictured fits smaller expected usually wear ml xl fits perfectly mebr br received item discounted price exchange honest unbiased review', 0, 8),
(83, 28, 46, 'five stars deez nuts trump hillarybr deez nuts rule land', 3, 10),
(84, 19, 46, 'shame racist protest nypd ashamed', 2, 2),
(85, 71, 46, 'actually comfortable breathable shipping unbelievably fast ordered wear con atlanta worried going hot wear expecting fabric thick stiff actually comfortable breathable mix cotton linen much like shirts wear florida heat dont expect worry heat exhaustion even though long sleeved update con well performs fit bit looser expected thats actually good thing case 4834 chest ordered xlarge according size chart expecting shirt come bit small overweight gut definitely exceeds chest size shirt actually little loose sleeves long thats normal order larger sizes overweight arm length increases well problem resew button cuff make cuff size smaller make cuff stop touches top hand instead hanging hand almost forgot shipped amazingly fast expecting take nearly week without prime shipping worried might arrive convention next week amazingly arrived time amazon prime items ordered along', 0, 10),
(86, 65, 46, 'one star design stolen olipop dont buy', 0, 2),
(87, 88, 46, 'great hoop easy mount install exactly ecpected great hoop easy mount install well made', 0, 10),
(88, 48, 46, 'five stars dress amazing love comfy sexy', 0, 10),
(89, 54, 46, 'five stars beautiful dress must get another color', 1, 10),
(90, 17, 46, 'rates makes easy access ever hat wanting bought help organize kids play hats dress lot costume trunk really full rates makes easy access ever hat wanting well made easily put together', 3, 10),
(91, 52, 46, '5star nice dress coat', 0, 10),
(92, 59, 46, 'nice shirt exactly shown looks fits good white insert instead white piping shown', 0, 8),
(93, 15, 46, 'lovely especially nice family bike ride great speed lovely especially nice family bike ride great speed safe childrens ride family trips hiking trips rides lovely', 0, 10),
(94, 90, 46, 'nice dress price purchased dress wear wedding 5234 150 lbs curvy hourglass shape style dress accentuates good areas minimizing focus bad areas however since bit short side dress falls bit longer would wanted past knees purchased purple', 7, 8),
(95, 10, 46, 'five stars must buy use everyday helps keep dirty clothes clean clothes organized also easy move h would like fold moving', 0, 10),
(96, 12, 46, 'much say love thing perfect anyone much say love thing perfect anyone lot clothes less storage knows im talking must buy', 0, 10),
(97, 8, 46, 'five stars really great u muscles work specifically athletes works great little spasms u tend get helps increase speed love', 0, 10),
(98, 11, 46, 'fun comfortable different fun comfortable perfect back', 1, 10),
(99, 11, 46, 'thanks much really love chair comfortable easy put away', 0, 10),
(100, 180, 47, 'five stars love excellent sun block', 0, 10),
(101, 95, 47, 'thank alba bontanica great thing cream doesnt smell weird like chemical laden ones get nice healthy unfake looking tan isnt orange makes skin soft', 0, 10),
(102, 129, 47, 'five stars great product im 65 years old claims', 0, 10),
(103, 120, 47, 'good deal use shower caps conditioning caps like theyre bulk saves lot money', 0, 10),
(104, 104, 47, 'soaks quick provides nice base makeup goto daily sunblock leaves white cast clean pleasant scent youre makeup wearer soaks quick provides nice base makeup ive using brand year daily use tube last couple months', 0, 10),
(105, 156, 47, 'four stars good', 0, 8),
(106, 114, 47, 'good buy great eyeliner run little bit corners times overall keep eyes day long', 0, 10),
(107, 103, 47, 'five stars best makeup remover', 0, 10),
(108, 107, 47, 'tame wild mustache great product im latest stab major beard always seem start growing hottest months mustache going particularly awkward phase growth wax really helps keep place way look neater actually eat drink without collecting big mess youre going get favor get good mustache comb', 0, 10),
(109, 151, 47, 'like nothing thought would darken lashes even though clear like nothing sadly threw away', 0, 2),
(110, 93, 47, 'good product great small mixtures eos especially traveling gave 4 stars orifice reducer hole small hard get oil needs slightly bigger', 1, 8),
(111, 186, 47, 'optimum oral health got nice size compact looking forward gum massaging wore last model', 0, 10),
(112, 169, 47, 'love cream wish discovered years ago leaves curles super defined soft still need put gel spray last though super recommend', 1, 8),
(113, 173, 47, 'works much better store bought lotion bought make lotion mixed shea butter coconut oil together works much better store bought lotion want get raw cocoa butter mix next batch', 0, 10),
(114, 131, 47, 'five stars tint awesome seller dont even send one sample', 0, 10),
(115, 184, 47, 'great product fast delivery im love unique fits decor beautifully couldnt ask better seller received product date promised', 1, 10),
(116, 142, 47, 'smell cheap given product exchange review say wow love perfume great scent notes little heavy really like overall get headaches easily doesnt seem smell cheap wonderful fragrance lot money love give try', 3, 10),
(117, 147, 47, 'five stars magical everybody noticed skin change right away', 0, 10),
(118, 172, 47, 'love razortrimmer works fantastic razor leaves legs really smooth unlike disposable razors ive used razor runs acrossed skin smoothly dont feel like anything trimmer trimmer trims meant skin shave gets close enough run razor boom smooth', 0, 10),
(119, 161, 47, 'five stars excellent battery tooth brush', 0, 10),
(120, 179, 47, 'works okay styling aid doesnt give straight hair fun beachy look tresemme product creating beachy looking hair whether curly straight hair straight hair without real body beachy look isnt good look unlike younger years loosely permed hair hair would look great beach even swimming ocean half day tried twisting hair styling per instructions straight hair didnt look good hair ended looking stringy sloppy unstyled fair dont think spray product could give awesome beachy look due straight hair typebr br spray tresemme damp hair blow dry usual round brush adds little lift volume texture straight hair one product add routine doesnt substitute hair gel product still need finish zero weight gel shaping hair separation taming flyaway hairs tresemme may work great curly wavy hair straight hair doesnt create attractive beachy look work okay styling aid one product add routine live without okay', 0, 6),
(121, 144, 47, '5 stars skin feels soft smooth since using', 0, 10),
(122, 181, 47, 'even dentist didnt know dry mouth lozenges solve problem night dont take anyones opinion including mine invest one box find truth', 0, 8),
(123, 155, 47, 'great shave ditch plastic great shave', 0, 10),
(124, 106, 47, 'great sensitive eye cream perfect lightweight eye cream sensitive well extra bonus know sensitive eye area going continue using eye cream', 0, 10),
(125, 121, 47, 'fun item love different tip sizes', 0, 10),
(126, 133, 47, 'two stars expected', 0, 4),
(127, 94, 47, 'great lashes great bargain love lashes another great dupe red cherry lashes', 0, 10),
(128, 123, 47, 'great product great value great product great value gone first bottle best benzoyl peroxide product ever used pump bottle nice feature', 0, 10),
(129, 167, 47, 'use get another one sonicare brushes use get another one sonicare brushes model would die 3 months found brush cheaper one using one works well havent die many months ive well worth money', 0, 10),
(130, 125, 47, 'theyre okay powder puffs pretty much okay wish fluffier bigger', 0, 8),
(131, 102, 47, 'better pedi first ill say im skeptical ive tried tons products promising new skin heels fancy youll never want wear shoes nothing worked heels probably typical women go gym wear sandals summer wear 34cute34 shoes kill us use pedi egg various 34sanders34 beauty brands time shower though simple things like homemade foot scrubs sanding lotion help nothing mean nothing worked like product weeks weeks researching humming hawing went sale bought heres tip success soak feet take nice long bath used bubbles made nice tea brought ipad watched 40 minutes tv pass time hate baths part hardest dried feet little still prune toed bath slipped pregel booties put pair husbands socks help keep place left mine 90 mins suggested blogger rinsed feet sheen smelled nice watched foot peel day 2 soaked feet foot bath 30 mins nothing exciting feet felt relaxed hot water day 3 whoa big toe previously callused peeled little couldnt help pick tiny bit reveal new skin felt like giant mound dead skin day 4 sides feet started peel along heels tiny bit continued soak daily 2045 mins also wearing socks sneakers week ive also sent texts multiple friends disgusted day 5 magic starts happen peelingeven around toenails thought nothing bad happening apparently dry dead skin resided right im day 8 majority peeling taking daily foot soaksbaths using washcloth rub dead skin foot bath today peeled little hand couldnt help much peeling happening theres bits lay bed rubbing sandpaper feeling feet together images silk feet pop head feel nice cracks calluses gone ill probably shed another day two done ill buy product recommend expensive pedicure woman dare try ive even done pedi razor cut skin heels worth felt pain feet look amazing theres really nothing besides trying hide feet molting youre diabetic allergic reactions fruit acids alcohol recommended 34help peeling34 along could hurt warnings package comes happy shedding everyonea washcloth rub dead skin foot bath today peeled little hand couldnt help much peeling happening theres bits lay bed rubbing sandpaper feeling feet together images silk feet pop head feel nice cracks calluses gone ill probably shed another day two done ill buy product recommend expensive pedicure woman dare try ive even done pedi razor cut skin heels worth felt pain feet look amazing theres really nothing besides trying hide feet molting youre diabetic allergic reactions fruit acids alcohol recommended 34help peeling34 along could hurt warnings package comes happy shedding everyone', 18, 10),
(132, 166, 47, 'great product advertised works much better manual toothbrush', 0, 10),
(133, 138, 47, 'temple overwelmed nice amount insence strong smell lasts long time use week nice find amazon', 0, 8),
(134, 136, 47, 'love lasted forever heats supper love lasted forever heats supper fat reat u hurry couldnt figure turn beginning hold 10 button', 1, 10),
(135, 174, 47, 'five stars gift friends loved', 0, 10),
(136, 171, 47, 'refreshing item arrived time described usually stay away rose scented products like way rosewater smells overwhelming use refresher face hot humid days', 0, 10),
(137, 116, 47, 'five stars good', 0, 10),
(138, 108, 47, 'five stars always', 0, 10),
(139, 126, 47, 'wonderful product got package 8 days ordering honestly think thats good timing everything advertise correct see photos im pleased come shape fact little longer nail arnt thick would issue arnt thin snap either kinda middle didnt file much little top due bit rough edges also used 100 acetone get worked perfectly highly recommend product seller looking types fake nails', 4, 10),
(140, 109, 47, 'fantastic products received clogged pores natural cleansing kit ten days ago since using daily wash moisturize facebr first let strt presentation kit came cute package box really liked pretty ws definitely looks like good gift friend love containers products renin box soap opens like flower holds bar place lotion secure glass jar feels like high quality durable products look nice counterbr br soap smells wonderful really like washing face leave dry sticky like cleansers cut soap four squares control much use betterbr br moisturizer fvorige part feels wonderful skin little enough cover whole face though sometimes two layers enjoy feeling really nice feels wonderfulbr br effectiveness products using em 10 days face feel little cleaner smoother softer dramatic change using short time expect greater results time update review accordingly thank aya natiral', 1, 10),
(141, 130, 47, 'five stars absolutely love fragrancebr always get compliments wearing', 0, 10),
(142, 143, 47, 'pleased bright apply make pleased', 0, 10),
(143, 118, 47, 'meets need temporarily n good product', 0, 10),
(144, 188, 47, 'good product ships quickly 2nd bottle good product ships quickly', 0, 8),
(145, 145, 47, 'wonderful eyeliners pencils use excellent eyeliners 34pencilstyle34 eyeliners use normally trouble pencils hard actually show well even skilled applying pencil liner notbr br really shimmer little trying put large bits glitter next eye either lighter colors ie gold dont show super well pale skin especially also wearing shimmery eyeshadow keep mind gold would look awesome darker skin without shadow make work without shadow pale skin wellbr br last day one following conditionsbr br 1 dont oily eyelidsbr 2 use setting powder finishing powder like translucent one elfbr 3 wear primer powder eyeshadowbr br oily eyelids dont 2 3 migrate trust done thatbr br wear contact lenses somewhat sensitive eyes give trouble great come easily enough makeup remover wipe dont need special remover get offbr br please note definitely shop around get best deal manufacturer good deals especially holiday shopping season', 1, 10),
(146, 113, 47, 'heats fast curls last however please heats fast curls last however please advised clips hold rollers place leave marks hair', 0, 8),
(147, 139, 47, 'three stars ive used long results yet honest review discount', 0, 6),
(148, 91, 47, 'good good', 0, 10),
(149, 140, 47, 'three stars help feel makes worse still bags eyes', 0, 6),
(150, 111, 47, 'satisfied nice hair gel pleasing scent holds medium longish hair day ive noticed dont use much gels keep hair doesnt become cementlike holds hair even im work sweating day also washes easier gels end day easier clean also would recommend friend', 1, 10),
(151, 149, 47, 'good buy color great comparable better nars liquid lipstick daredevil thats say dupe consistency finish different noticeable thing finish patchy wouldnt say deal breaker especially brickandmortar store bought 399 sight unseen tester matte dries somewhat quickly ends quite thick color chic although little different photo id say less mutedless burgundy good buy highest quality patchinessbr br edit writing review color backstage see colors kind mashed one listingbr br color stunner another one thing say think 34too purple34 go ahead spend five bucks probably purple purple enough', 0, 8),
(152, 124, 47, 'three stars nice iwll buy', 0, 6),
(153, 178, 47, 'great product husband happy product', 0, 10),
(154, 157, 47, 'five stars nice iwll buy', 0, 10),
(155, 101, 47, 'face kids said burned eyes', 0, 4),
(156, 164, 47, 'say works wonderfully skin either standalone foundation although packaging could improved end much powder dispenser applying say works wonderfully skin either standalone foundation multiple layering top layer liquid foundation happy found product', 0, 8),
(157, 105, 47, 'one star burned arms gave someone else would buy', 0, 2),
(158, 132, 47, 'bad quality frames nice looking glasses arms glasses two pieces connected together opened glasses noticed one arms connected slid apart putting glasses contacted amazon return glasses order replacement pair replacement pair arrived saturday guess exact problem pair returned horrible quality', 0, 2),
(159, 187, 47, 'smudge proof amazing great mascara big tube triangular top downside mascara fact smudge proof waterproof blonde eyelashes full long wear black mascara tend look like falsies want mascara going stay put make look even fuller mascara perfect smaller wand making easier apply 1 coat needed dark full looking set eyelashes love itbr br sample provided', 1, 8),
(160, 168, 47, 'extremely disappointed size products ordered extremely disappointed size products ordered appeared much much larger photos reality products actually small inconvenient use intended purpose', 0, 2),
(161, 170, 47, 'love hair looks use tool works faster old smaller three barrel iron love hair looks use tool modern waves', 0, 10),
(162, 188, 47, 'using 6 days using 6 days im sure given product fair chance need write ive used least 3 weeks', 0, 6),
(163, 128, 47, 'feel like cannot live without using cream years feel like cannot live without', 4, 10),
(164, 153, 47, 'five stars amazing id like receive offer one pack buy', 0, 10),
(165, 177, 47, 'four stars magnification great putting eye makeup use travel great idea', 0, 8),
(166, 185, 47, 'save money months really hasnt noticeable difference', 1, 6),
(167, 110, 47, 'really ewxpected like mens facial products clubman favorite mine got facial product really knowing sooths irritation found product nothing special first put overcome alcohol smell dissipate past though imagine ispropyl alcohol gel form remaining scent smells like floral clubman like overpowering though disappears fast product dissipate quickly maybe absorb skin left sticky tacky feeling skin putting moisturizer balm cant imaging leaving facial skin alone putting stuff onbr use purchasing', 0, 6),
(168, 134, 47, 'ball roll pretty well trouble simply due 2ml tiny ball roll pretty well trouble simply due size constraints', 0, 8),
(169, 97, 47, 'smells nice much product price smells nice much product price seems contain good amount tea tree oil feel using thin works great using demodex overpopulation keeps bay', 0, 8),
(170, 175, 47, 'since substituted product serum extremely happy use night wasnt sure product working clear skin month stopped using week picking back turns product really seem work biggest concerns breakouts wrinkles sun spots using prescription retinol product deal issues since substituted product serum extremely happy use night moisturizer would highly recommend', 0, 10),
(171, 127, 47, 'high quality sleeping mask contours face live streetlight lit area even blackout curtains trouble falling asleep one thing ive noticed really helps sleeping masks said ive tried quite havent found one completely blocked light comfortable wear mask different possibly one best ive ever worn bed purchased homemade one etsy still favorite like owl print one half price good quality im rating 5 starsbr br first thing noticed sleeping mask thickness light going get mask seems little bulky first especially youre used thin silk masks commonly sold said get used wearing something like youll notice significant difference amount light gets truly create blacked environment really nicebr br mask fit head perfectly pretty average head size think fairly say mask adjusted fit anyone mask adjusted little sliding adjusters clasp back secures mask around head company boasts clasp wont snag hair snaggly fine hair far hasnt gotten tangled hair although sometimes accidently clasp strands hair clip pulls roll around put hair low pony tail avoid problembr br one thing really love mask contoured fit around bridge nose sleeping masks dont adequate fit around nose small gaps light get case mask fits snug around curves face literally light gets something etsy eye mask feature really appreciated specific mask jewish nose big nose fits well itbr br overall really like mask clasp sometimes clips onto hair thats fault careful great product quality sewn made good materials pretty leafy design got emerald forest print fits well face id definitely recommend mask anyone looking sleep aid itd make great gift comes pretty boxk feature really appreciated specific mask jewish nose big nose fits well itbr br overall really like mask clasp sometimes clips onto hair thats fault careful great product quality sewn made good materials pretty leafy design got emerald forest print fits well face id definitely recommend mask anyone looking sleep aid itd make great gift comes pretty box', 0, 10),
(172, 99, 47, 'love add tea tree oil hair products love add tea tree oil hair products help scalps smells amazing tea tree many great benefits wonderful dealing skin bacteria dropper makes easy get perfect amount every time', 0, 10),
(173, 96, 47, 'favorite makeup remover pads favorite makeup remover pads however opened first jar pads bit dried sure older stored properly still get job done use several pads instead two local drugstore stocks get', 0, 6),
(174, 115, 47, 'like fresh breath feel using crest pro health like fresh breath feel using crest pro health advanced mouthwashbr trust review part shopper army', 0, 10),
(175, 160, 47, 'good razor good price good razor good price', 0, 8),
(176, 150, 47, 'god may things looked god may things looked n line wil using sorts home remedy34sbr received review', 0, 10),
(177, 146, 47, 'color like pics wash nicely exactly described tight fit color like pics wash nicely', 0, 10),
(178, 122, 47, 'wouldnt write home like doves men line good great scent fine subtle good job lathering nothing notable wouldnt recommend soap brands also wont decry theres good enough okay', 0, 6),
(179, 141, 47, 'great price fast described great price fast shipping', 0, 10),
(180, 148, 47, 'four stars little darker wanted coverage great', 0, 8),
(181, 159, 47, 'five stars true long lasting results', 0, 10),
(182, 152, 47, 'good colors though fan one much id much prefer naked palette good colors though alright price', 0, 6),
(183, 100, 47, 'happy never smoked always 34puckered34 lips went put lipstick day saw pleasant surprise lips smooth unwrinkled happy', 2, 10),
(184, 162, 47, 'five stars love colorlike muted pink perfect', 0, 10),
(185, 135, 47, 'five stars best lotion ever used', 0, 10),
(186, 165, 47, 'five stars excelente', 0, 10),
(187, 112, 47, 'five stars compact easy use traveling', 0, 10),
(188, 158, 47, 'dont really like often makes neck hurt worse dont really like often makes neck hurt worse maybe fat hard', 0, 2),
(189, 117, 47, 'great scent reasonable price son loves hard find shelves stores great scent reasonable price', 0, 10),
(190, 183, 47, 'heathy lovely smelling frizz free hair hallelujah love thick great smelling shampoo conditioner hair highlighted regularly gets keratin treatments living humid south product keeps hair smooth healthy ps little goes long way', 5, 10),
(191, 176, 47, 'five stars nice oil enjoy brand', 0, 10),
(192, 92, 47, 'high quality tweezerman like impressed tools high quality 34tweezerman34 like impressed', 0, 6),
(193, 182, 47, '5 star great productdoes jobreasonably priced good product good price product difficult find store shelves wife uses swimming pool important available get cholrine getting quantity makes life simple product excellent job recommend', 1, 10),
(194, 137, 47, 'five stars great product', 0, 10),
(195, 154, 47, 'junk going use shaving junk worth four bucks', 1, 2),
(196, 119, 47, 'deva light defining gel shout lightly curled hair used every product imaginable hair need volume holding quality deva light good hair job well tested animals use deva products find fairly priced excellent curly hair nothing said amazon always time helpful people phone great service', 0, 10),
(197, 115, 47, 'like mouthwash like mouthwash great taste seems work feel like mouth cleaner taste pretty good slight taste sure describe first tasted little like bubble gum changes back mint burn real plus hate mouthwash burnsbr trust review part shopper army', 0, 10),
(198, 98, 47, 'five stars great product', 0, 10),
(199, 163, 47, 'love use straight use dry aging skin care love use straight bottle also add serum make moisturizes conditions skin feels looks fabulous cant say enough price great', 0, 10),
(200, 269, 20, 'side effect take combination bystolic 5 mg fish oil', 27, 9),
(201, 223, 6, 'son halfway fourth week intuniv became concerned began last week started taking highest dose two days could hardly get bed cranky slept nearly 8 hours drive home school vacation unusual called doctor monday morning said stick days see school getting morning last two days problem free much agreeable ever less emotional good thing less cranky remembering things overall behavior better tried many different medications far effective', 192, 8),
(202, 236, 4, 'used take another oral contraceptive 21 pill cycle happy light periods max 5 days side effects contained hormone gestodene available us switched lybrel ingredients similar pills ended started lybrel immediately first day period instructions said period lasted two weeks taking second pack two weeks third pack things got even worse third period lasted two weeks it039s end third week still daily brown dischargethe positive side didn039t side effects idea period free tempting alas', 17, 5),
(203, 247, 53, 'first time using form birth control i039m glad went patch 8 months first decreased libido subsided downside made periods longer 56 days exact used periods 34 days max also made cramps intense first two days period never cramps using birth control happy patch', 10, 8),
(204, 198, 75, 'suboxone completely turned life around feel healthier i039m excelling job always money pocket savings account none suboxone spent years abusing oxycontin paycheck already spent time got started resorting scheming stealing fund addiction history you039re ready stop there039s good chance suboxone put path great life found sideeffects minimal compared oxycontin i039m actually sleeping better slight constipation truly amazing cost pales comparison spent oxycontin', 37, 9),
(205, 200, 57, '2nd day 5mg started work rock hard erections however experianced headache lower bowel preassure 3rd day erections would wake amp hurt legankles aches severe lower bowel preassure like need go 2 can039t enjoyed initial rockhard erections side effects 230 months supply i039m 50 amp work 3xs week worth side effects', 43, 2),
(206, 232, 85, 'pulled cummed bit took plan b 26 hours later took pregnancy test two weeks later i039m pregnant', 5, 1),
(207, 192, 41, 'abilify changed life hope zoloft clonidine first started abilify age 15 zoloft depression clondine manage complete rage moods control depressed hopeless one second mean irrational full rage next dr prescribed 2mg abilify point feel like cured though know i039m bipolar disorder constant battle know abilify works tried get lost complete control emotions went back golden 5mg 2x daily 21 better ever past side effect like eat lot', 32, 10),
(208, 227, 70, 'nothing problems keppera constant shaking arms amp legs amp pins amp needles feeling arms amp legs severe light headedness appetite amp etc', 11, 1),
(209, 216, 76, 'pill many years doctor changed rx chateal effective really help completely clearing acne takes 6 months though gain extra weight develop emotional health issues stopped taking bc started using natural method birth control started take bc hate acne came back age 28 really hope symptoms like depression weight gain begin affect older i039m also naturally moody may worsen things negative mental rut today also hope doesn039t push edge believe depressed hopefully it039ll like younger', 1, 8),
(210, 263, 40, 'medication almost two weeks started 25mg working way 100mg currently 50mg headaches far 23 crippling migraines week lost 52lbs far note really paying close attention eating lot weight lose weight loss side effect want help along much side effects word recall issues exist memory issues worst seems vision disturbances times driven i039m sure would safe good news seems wearing offi tons energy great mood', 19, 9),
(211, 228, 86, 'taken antidepressants years improvement mostly moderate severe side affects makes go themi take cymbalta mostly painwhen began deplin noticed major improvement overnight energy better disposition sinking low lows major depression taking 3 months feel like normal person first time ever best thing side effects', 54, 10),
(212, 250, 27, 'crohn039s resection 30 years ago mostly remission since recently bad flare narrowing anastomosis need medication haven039t found one handle asacol gave serious body aching fatigue could function pentasa immediately gave heart palpitations arrhythmias discontinue', 8, 4),
(213, 205, 93, 'little bit lingering cough cold giving much trouble except keeps night heard good took could get sleep helped tremendously cough bad stomach cramps diarrhea hadn039t eaten anything upset stomach didn039t really feel like quotbugquot looked side effects delsym wish done first probably wouldn039t taken worked cough still didn039t get sleep due stomach issues', 1, 4),
(214, 243, 34, 'started nexplanon 2 months ago minimal amount contraception039s take due inability take hormone used birth controls i039m trying give time one options right honestly options i039d get removedi039ve never acne problems life immediately broke getting implanted sex drive completely gone used sex boyfriend days week completely forced even fun anymore mean i039m birth control like sex don039t want get pregnant take birth control takes away sex unhappy hope get back time i039m getting removed', 10, 3),
(215, 233, 82, 'taking saxenda since july 2016 severe nausea month got 26 dosage since subsided side effect notice dry mouth make sure drink 25 litres water day 10 glasses helps weight loss well constipation reducing dose find comfortable spot still losing weight don039t feel like medicating 18 working well also feel wearing fitbit really helped track food water exercise steps keeps moving started could barely walk length without getting winded lost 58 lbs far', 20, 9),
(216, 268, 95, 'drug worked well cleared uti matter 48hrs although 7 day course 2x200mgdaily unfortunately tablets finished infection returned needed 2nd course i039m currently taking low dose evening keep infection bay specialists tests normally get every side effect going dread taking new medication form especially horrific experience ciorofloxacin side effect experienced itchy ankles feet day two didn039t last third day would class minor side effect insignificant good luck', 0, 9),
(217, 191, 87, 'i039ve taking amitriptyline since january 2013 diagnosed fibromyalgia tried cymbalta week dr decided since kept awake 247 wasn039t good fit even though relieved pain started 25 mg 2 weeks breakthrough pain dr increased dosage 50mg i039m still dosage today first full year never pain felt 039cured039 time went seems help control pain still pain low manageable level take around 7pm evening avoid feeling overly drowsy mornings med allows fairly normal life', 39, 9),
(218, 229, 38, 'i039ve every medicine sun seems manage hypomania mania bipolar2 within days starting lamictal tegretol someone turned light head way quotnormalquot people think one first things struck sleep like log irritability almost anger would considered normal able focus creative impulsive thoughts decreased enough manageable it039s god send would perennially state hypo mania sounds great physically emotionally exhausted libido markedly lower wonder perhaps effect hypo manic take 20 mg anxiety', 18, 10),
(219, 244, 48, 'tasigna 3 years 300mg x 2 times day tasigna worked within weeks remission basically entire 3 years side effects feel sick stomach tired severe leg arm pain can039t walk long without needing break went working full time working tired time hey remission alive really problem nope', 11, 10),
(220, 194, 8, 'spring 2008 hospitalized pnuemonia diagnosed lyme diease full blown aids cd4 count quot11quot viral load number high millions could never remember taking combivir kaletra dapsone 1st year stopped working started kaletra dapsone cd4 count 209 rising weeks aggressive broke dishes house lol take vitamin supplements drink boost pluz every day life good', 11, 8),
(221, 265, 61, 'insomnia it039s horrible story begins pcp prescribing prozac help intestinal issues desperate tried 3 weeks stopped insomnia prescribed ativan addicting rebound insomnia 14 days hardly sleep l tried doctor one time asked trazadone told good medication insomnia put 25 mgs stated may figure dosage best currently taking 100 mgs low range prescribed 400 mgs high end insomnia dry mouth nasel congestion live sleep yeah', 43, 10),
(222, 218, 36, 'nexplanon job worry free sex thing periods sometimes light sometimes heavy sometimes go away sometimes show unexpected also feel somewhat depressed sure nexplanon i039ve nexplanont 2 months despite side effects effective birth control i039ve ever used plan taking', 11, 9),
(223, 215, 94, 'live western australia disturbed comments cost embrel cost ordinary prescription 36 government pays remainder cost chemist also go medical centre every saturday morning dr looks prescription advises nurse administer injection also cost part nurses duties unsure country people made comments referring cost nobody administer injection lucky live australia best health system worldwide everybody given opportunity receive proper medical help whether rich poor discrimination', 4, 10),
(224, 262, 89, 'use cream comes turned hooha burning ring fire 1 work tomorrow it039s going sleepless night', 7, 1),
(225, 196, 58, 'prescribed one dose course one day took 4 pills 250mg light lunch nausea mild stomach painsupset lying alleviate discomfort threw 3 hours later called doctor check needed take another dose said body would absorbed pills still experiencing mild stomach pains nausea mostly gone', 7, 7),
(226, 212, 32, 'i039m writing second review vaniqa started using february year twice day although daystimes forget want say delighted found totally completely changed life terrible male pattern hair growth cheeks chin upper lower lip starting grow neck used pluck 2 hrs time every 3rd day never hair free wouldn039t kiss anyone hello goodbye even plucked stubble could felt skin 3 months im scared caught bright sunlight pluck around fortnight takes around 10 mins hairs coming soft downy life transformed', 99, 10),
(227, 204, 80, 'hi son 12 diagnosed 2nd grade tried everything medication tried meds first one made loose weight fast second gave nasty tic thankfully went away soon stopped med third worked couple years around january last year started problems doctor recommended daytrana wonderful son easy use handles day takes gets home school patch effects last long enough homework issues weight gain sleep uses melatonin bed feels like able shut shortage killing us', 11, 10),
(228, 193, 43, 'honestly taking ativan 2 years 1mg twice daily help used tool panic attacks solution tried many antidepressants well cymbalta cipralex couple best thing talk close friends family even psychiatrist talking people venting honestly best thing even though takes lot power would love hear people opinion', 47, 6),
(229, 224, 22, 'first suffered included splitting head pain nausea vomiting started using excedrin helped took right away started work well anymore one really bad one lasted hours still throwing 9 pm throwing blood went er finally got put iv hydrate added imitrex bag soon started feeling side effects head felt like going pass breathing became labored felt like someone sitting chest said meant working two minutes everything gone got pills take home worked okay fast', 6, 8),
(230, 196, 9, 'good response useful', 1, 10),
(231, 256, 13, '1 week zoloft anxiety mood swings take 50mg mornings breakfast nausea day one subsided week went get jitters 2 hrs taking followed yawning feel much better though less angrystressed', 3, 8),
(232, 264, 23, '30 years old multiple composite spinal injuries 15 years ago aches pains unbearable started taking antiinflammatories 2 years ago started getting injections every month toradol quotdepoquot something almost pain meds mean still bad days function', 16, 10),
(233, 262, 49, 'burning control 20 minutes inserting sat bath trying get stuff awful', 2, 1);
INSERT INTO `review_table` (`id_review`, `product_key`, `time_key`, `review_comment`, `vote_score`, `rating`) VALUES
(234, 271, 67, 'taking viberzi month ibsd can039t happier zero side effects thank making normal', 15, 8),
(235, 238, 42, 'reduced pain 80 lets live normal life', 82, 10),
(236, 210, 60, 'much pain last 2 years suffered brain tumour lot pain point morphine everyday year brain surgerybut pain pill came pretty close serious pain point blacking hot cold shivers sat pain feeling like trapped windindigestion it039s ahhhh don039t take', 10, 1),
(237, 240, 7, 'morphine least 7 yearsit medicine seems manage pain without would bed 90 time life', 19, 8),
(238, 241, 92, 'taken least 56 times last 10 years major problems since first time causing major fatigue last time took 3 year039s ago severe cramps enough time get bathroom went hospital doctor said didn039t work good enough go home second round went back next day process energy last night even worse times gagging night severe cramps tried second dose morning started throwing called office said stop doctor done said didn039t evacuate enough', 0, 2),
(239, 267, 14, 'similar experience tremors hands really noticeable someone watching unless looking relief delusions experiencing problem going 16 years anticipate magically disappear didn039t clarity thinking experience medicine really helps', 45, 9),
(240, 219, 90, 'prone yeast infections believe it039s due birth control well unprotected sex fluconazole always cleared yeast infections 2 doses side effects', 9, 8),
(241, 203, 54, 'finishing second week taking contrave lost 10 lbs interesting experience drug definitely appetite suppressant yet help control urge eat mild side effects stomach discomfort slight headaches along constipation easily manageable considering taking medication please keep mind still need work exercising eating right medication really help helped get motivation back exercise definitely helps cravings eat making easy eat need healthy use coupon give drops cost 70', 9, 8),
(242, 202, 1, 'medication changed life panic attacks control barely able leave house within 2 days moderate changed new person 15 years ago dosage never changed', 30, 9),
(243, 237, 33, 'taking medicine due lower back trouble first took worked great put sleep', 55, 5),
(244, 270, 62, 'gp started venlafaxine yesterday help depression changea hour taking feeling sick couldnt stomach food fluids thought keep told come side effects would get bettertook another one last night ill couldnt stand sick sweating shaking thought going pass get sleep hopeing feel better morningtook another one felt spaced dry mouth shaking sick booked see gp make sure feeling like find put wrong dose 375mg put 150mg right dose hope better', 3, 4),
(245, 231, 51, 'initial testing vl 6 million received meds saturday 2 days prior testing establish baseline started received pills 2 days 5 hours later got blood test establish vl taken 3 pills point vl 700 vl 4 weeks 0 vl 8 weeks 0 12 weeks 0 2 weeks til 1st eot test feel cured side effects next nothing', 0, 10),
(246, 231, 39, 'side effects light fatigue bit headache find easier take hour dinner way better triplethreat approach blood work indicate beggining stages cirrhosis also hep b 1994 far it039s like miracle fatigue nothing you039ve suffered jaundice 039sickie039 symptoms hep c cause it039s business usual', 94, 9),
(247, 260, 10, 'helps sadness strongly counters moderate urges drink stressful confusing time life', 22, 8),
(248, 261, 79, '24 year old male uk normally would go every hour even drinking small amounts water drinksi took medication two weeks noticed right away would go less often toilet much easier dispense urine unfortunately stop taking medications side effects outweighed benefits found would incredibly intense mood swings aggression feel clumsy dizzy time blurry vision memory problems mind blanks runny nose weakness tirednessi trying betmiga lets see', 10, 4),
(249, 207, 68, 'battled nasty uti month amp went 3 different antibiotics till doctor finally gave one makes terribly sick stomach end completely worth felt completely back normal 2 days', 44, 7),
(250, 209, 97, 'hey guys it039s 4 months since last post wanted give months see going work trulicity six months metformin hit five month period diarrhea gas sulphur belching finally subsided longer side effects however still haven039t lost weight think first started trulicity taking glimepiride one side effect weight gain think two meds fighting lol back metformin trulicity week see diagnosed stage 3 chronic kidney disease ckd 3 watching diet closely', 24, 10),
(251, 226, 16, 'intuniv work son bouncing walls taking major issues class seems work opposite', 23, 1),
(252, 197, 15, 'pain management doctor put butrans patches 6 weeks ago 5 mg dose first box four lifesaver agony work able sleep two weekends two years i039m hoping bump ten mg dose soon cut norco chronic pain many years many medicines including oxycontin patch best far', 125, 8),
(253, 255, 56, 'got heart palpitations really bad like almost constant taking 40 mcg one puff twice day switched flovemt well', 16, 1),
(254, 246, 84, 'mother died lung cancer last hope medication within couple months gone', 6, 1),
(255, 192, 73, 'abilify 20 mgi patient diagnosed disorganized schizophrenia depression schizoaffective disorder bipolar experienced sensitivity emotions well react feelings really don039t feel normal quotsexual frustrationquotand wouldn039t say increaseddecreased feel less anxious medication seemingly ease take medication hard step people telling actually better pill half life ago didn039t quotmental illnessquot suddenly become someone else weight fluxuate drug feel due stress factors outside regular environment feel place good surroundings support much better person much happier life routine feel like referred enlongated periods sleep depression events surrounding certain time frames hence thoughts reactionsabilify aripiprazole instant reaction drug concern wellbeing nervous one people taking drug till stars fade every day last doctors seem say thing quotthis medication working youquot blood tests go hospital freqently finding anything charts everything always normal vitals thought consider medication works showing side effects accepting feel hold patience value care around help better mentally virtue feel type person curbside answers things wonder deeply guess don039t know people would agree ask women taken abilify pregnancy wondering reaction question 30 year old female diagnosed mental illness starting 2004 started take abilify 20 mg 2004 present overall since medication threatening feel embrace', 26, 10),
(256, 254, 74, 'i039ve utis 7 years recent one lasted 24 days far went doctor prescribed pyridium twice day hopeful unfortunately didn039t work burning urinating still i039ve three days far also discomfort hours day may work well others body doesn039t accept nothing going doctor useless go straight urologist', 8, 1),
(257, 230, 19, 'great experience far latuda started taking 40 mg nov worked great week crashed dr put 80 mg i039ve great ever since i039m afraid though sex drive completely disappeared it039s latuda i039m going go itand hate go something that039s working well however i039m also pretty high dose lexapro dr thinks it039s likely side effect we039re decreasing hopefully work otherwise i039m feeling really good i039m really afraid i039ll go', 39, 8),
(258, 199, 37, 'love mouth sores ulcers like wellbutrin gave completely quit smokingthis works', 15, 10),
(259, 225, 45, 'never depo suppose b ideal candidate first 6 months ok bit moody fine weight gain something changed constantly bleeding getting horrible hormone spots normally clear skin mood swings increasing 14 months decided taken ordeal b tricky doc remove 3 anesthetics stitches later it039s simply worth hassle', 1, 2),
(260, 211, 78, 'med 5 years worked fine great stopped panic attacks gave relief every day nervousness experiencing took months side effects diminish first started taking leave insomnia night sweats lack sex drive poor orgasms orgasms', 23, 6),
(261, 208, 12, 'put yasmin 6 months regulate cycle reduce acne flareups worst 6 months life gained 20lbs come easily stopping pill experienced horrible mood swings heavier periods acne breakouts breakthrough bleeding nauseous time pill seems agree people definitely agree went femcon year stopping yasmin experienced virtually side effects', 8, 3),
(262, 197, 44, 'love butrans patch relieved half pain know take less half pain killers patch change patch every saturday miss 24 hours pain starts reside heavy drinker would advise trying patch', 47, 10),
(263, 225, 17, '8 months sad say it039s caused nothing self esteem become lower i039ve gained 10 lbs i039m 22 fast metabolism thought started slow didn039t make sense breasts got smaller lost complete sex drive breasts aren039t sensitive anymore like used i039m emotional even crying times thing say 100 effective worth done body started breaking body face well', 2, 1),
(264, 245, 25, 'birth control considering getting pregnant used types birth control pill patch etc decided get back birth control didn039t want worry taking daily pill requested nuvaring started nuvaring felt inside body lot cramps days later started experiencing cramps strong upper stomach pain bad missed work week finally ended going er couldn039t figure wrong finally asked doctor nuvaring side effects', 9, 5),
(265, 253, 41, 'took prepopik first colonoscopy i039m 25 found effective orange flavor tolerable bad cramps terrible side effects taken magnesium citrate night already cleaned somewhat issue ended dehydrated showed colonoscopy fever try drink much fluid prep drank plenty liquid coming going overall would recommend prepopik side note insurance didn039t cover office go available recommend asking office available insurance won039t cover pharmacy', 6, 9),
(266, 266, 54, 'hit three month point tretinoin 05 i039m happy really depressed skin first two months i039ve never bad acne cream made horrible acne knew worst part would fine i039ve inly two zits since i039m left scars fine try even you039re scared i039m glad it039s worth', 13, 10),
(267, 211, 26, 'medicine saved life wits end antidepressants ready give doctor finally prescribed many failed medications glad honestly know would without effexor xr side effects mild compared antidepressants tried drowsy first couple days tolerable highly recommend severe depression would also like mention people realize light end tunnel get better never give', 166, 10),
(268, 222, 72, 'caused gain 30 pounds', 2, 2),
(269, 217, 53, 'best treatment acne used i039ve gone accutane many face washes retinol creams forms birth control forms birth control make acne worse depending type progestin need least androgenic type possible sprintec worked best nearly clear skin takes 56 months fully work work', 7, 9),
(270, 213, 96, 'started taking zepatier three days ago sides effects till would like share feel slight pain back head that039s i039ll keep fingers crossed till finish 12 weeks update i039ve finish 3rd week treatment sides effects even blood test brilliant i039ll inform finish 8 weekupdateincredible 31st day virus undetectable start taking zepatier 4796191 viral load results negative side effects zepatier working well thank zepatier', 8, 10),
(271, 201, 65, 'took clomid first time last month husband tried year blocked fallopian tube use estrogen medicine also uterine lining thin doctor use hcg shot stimulate ovulation since clomid apparently mess ifwhen ovulation occurs took hcg shot 2 weeks ago noticed weird symptoms days ago took multiple pregnancy tests i039m pregnant clomid worked great far yay', 74, 10),
(272, 206, 55, '52 year old womeni bloating lot poopingalls good', 3, 8),
(273, 190, 59, 'tummy tuck dec 18 surgery painful constipation opioids surgery bad plastic surgeon wasn039t familiar treating oic called primary care physician gave amitiza 24mcg took almost two days amazing thankful remain opioids three weeks amitiza worked well haven039t issues thank amitiza', 35, 10),
(274, 218, 64, 'experience nexplon great pregnancy yet issue causes much bleeding get periods every week 1 month 3 month ruins sex life', 1, 10),
(275, 243, 66, 'i039ve mine year noticed weight gain mood swings acne body adjusted quick lost weight issue i039ve every time boyfriend sex spot next day less week issues love recommend friends', 1, 6),
(276, 257, 52, 'awesome new boyfriend issues believe mental bad relationships past ordered prescribed told go broke said sooooo worth orgasm every time sometimes twice wow', 14, 10),
(277, 235, 98, 'always bleeding periods irsquove also gained 15 pounds skinny girl itrsquos noticeable acne hasnrsquot got worse better irsquom getting period experiencing depression donrsquot want around anyone donrsquot want eat irsquom gaining much weight irsquom stuck head lashing people irsquom normal self wish found pill rids acne doesnrsquot affect weight sex drive', 5, 2),
(278, 231, 50, 'hepc since early 70s cirrhosis last 20 yrs tried interferon riboviron stop treatments due side effects terrible got transplant list oct 2014 received new liver 19 dec 2014 really blessed hepc mission destroy new liver 4 weeks harvoni virus undetectable another blessing still treatments 8 weeks 0 side effects problem', 36, 10),
(279, 256, 88, 'reviews helped much first started zoloft 5 weeks ago wanted post experience several weeks increasingly worsening panic attacks work ended hospital year ago psych dr switched cymbalta mood stabilizer things good november stress work increased depending much bromazepam get day gp started 50 mg zoloft anxiety bad also tremors 4 weeks sure would quit working cut hours monday week 5 amazing still anxiety seem able handle it039s like confidence back good luck', 28, 10),
(280, 248, 69, '66 yo caucasian male developed ms 2223 diagnosed 30 developed trigeminal neuralgia 32014 lasting 7 days started carbamazepin 72014 tn returned 82015 constant ever since microvascular decompression surgery 632016 pain ceased 19 days surgery returned severe surgery recovery painful left weak disoriented amp less mobile neurologist changed rx carbamazepine oxcarbazepine 300 mg twice daily 6 days ago deep facial lancinating pain remissed still burning electric jolting pain upper lip cheek also taking tramadol hcl 50mg daily seems help carbamazepine never worked oxcarbazepinetramadol combo seems effective', 15, 7),
(281, 272, 81, 'started taking slept well night awoke early around 5 start day happily come 8 drowsy needed take already two hrs nap awake resumemy day much difficulties st 2 pm needed nap gonna make work appointments went cold turkey felt much better crash try anti depressants including pristique suffered insomnia meds know need start confused resume welbutrin', 15, 4),
(282, 245, 31, 'pills years 2012 tried mirena cramps terrible side effects time taken last month gained around 10lbs stomach area nuvaring 2 weeks far it039s way better soon mirena removed weird stomach pains stopped i039m still trying lose extra weight', 9, 7),
(283, 232, 5, 'mirena put almost year ago insertion breeze next cramping periods remained heavy show signs stopping gained 30 pounds acne headaches backache wondering next doctor would take wanted remain year almost year finding new doctor getting taken', 10, 1),
(284, 251, 29, 'drinking extra 16oz bottles water period taking milk magnesia help stop painful hard stools constipation usually brings help ease release different amount time expect recommended dosage work it039s best taken empty stomach food 4 hours helps speed desired effect it039s several days since normally movements also take longer effects begin drink water much possibly diarrhea occurs cut back water take prescribed dose drinking lots water along sufficient fiber diet become much easier fighting constant constipation', 120, 9),
(285, 242, 83, 'take medicine without supervision endroconologist', 18, 1),
(286, 234, 71, 'appreciate lithium although thyroid level low supplement helps equalize problem i039ve least 20 different medications stabilize bipolar diagnosis always wanted normal state mind lithium allowed equally yoked 300mg er evening 100mg seroquel evening 20mg cymbalta morning i039m set i039m feeling anxiety add busper loranzapam', 27, 10),
(287, 249, 77, 'i039ve taking oxycodone roughly 5 yearsi039ve gone weekends without i039ve ran never experienced withdrawal symptoms works great take exactly need don039t exceed prescribed amount take early i039ve living chronic pain yearshave complete joint replacement one side anchor placed side jaw surgeries help immensely i039ll still always pain taking dosage 10mg 3x day 5 years yes body used effects doesn039t work well works well enough refuse take higher dosage pills per day becausewell let039s face itthis medicine scarey', 24, 8),
(288, 200, 24, 'husband age 63 problems benign prostate hyperplasia erectile dysfunction well gone fantastic sex life one fading fast doctor put small daily dose 5 mg cialis holy smokes bigger harder 30 loving always powerful sex drive resigning watching fade away i039m clearing schedule action honestly feeling satisfied 25 ladies guy slowing push may much time clean house smiling lot', 132, 10),
(289, 214, 3, 'i039m 58 recently started medicine almost immediate relief vulvar dryness pain sure yet painful intercourse relieved looks optimistic many months intense pain medicine seem gooey even noticeable used really like far', 128, 9),
(290, 259, 63, 'medicine absolutely terrible three months using hair fallen much see scalp visibly it039s embarrassing stopped taking considering copper iud hormones', 3, 3),
(291, 195, 2, 'cat bite handfull set teeth sharp hand swelled red took augmentin 8 hours bitten within 3 days swelling went redness faded 6 years animal control officer never injured oncehelp friend pick cat local humane society get bittenoh irony excellent medicine cat bites friend tell dad got bitten cat ended hospital almost died infection lucky experience knew seek medical attention immediately anyone bitten cat know 85 chance infection need take seriously you039ll end hospital', 37, 9),
(292, 239, 91, 'yes first use experience raw constant itching seemed get worse within hours applied cream lady parts talk wanting take cheese grater itchy fire parts take benadryl help itching vaginal insert cream wasn039t bad meltsand gets itchy inside lady cave speak first hour seemed calm lot shouldn039t waited long done something never thick discharge thought little irritated never yeast infection lord knows don039t ever want go product overall works', 5, 8),
(293, 252, 35, 'sex 7th august took plan b 23 hours intercourse haven039t gotten period yet i039m supposed due 20th august major side effect i039ve experiencing major amount tiredness exhaustion got home work day took pill went upstairs around 9pm sleep woke next day around 1pm wake extremely exhausted feet start get tired well also barely ever hungry anymore i039m 18 years old unusual teen hopefully period comes soon', 26, 9),
(294, 189, 30, 'ears ringing like crazy almost start break cry reading one guys experience best ringing everything went thru going thru stsrted exactly said tune cause think worse gets titinus csn become worst enemy keep reading testimonials read alot people took zanax seemed quite ringing zanax 05mg took also couldnt sleep next day woke slight ringing day progressed went completely away thank lordi truly believe oh condition thats related nrevous system cure', 87, 10),
(295, 220, 59, 'started prozac one first anti depressants mdd made horribly sick nauseous day wouldn039t eat days time stayed try get thorough side effects wouldn039t stop throwing every dayone day woke started violently shake lasted 12 hours ended hospital tachycardia horrible experience months later still stomach heart issues i039m new medications bad experience get anxious take', 18, 2),
(296, 192, 21, 'intake effexor xr 375 mg lorazepam depression anxiety doctor added abilify took mornings made foggy moved bertie sleep better overall noticed increase irritability equates feeling extremely angry 3 pm daily i039ve rearranged lorazepam reduce need time i039m also restlessness almost feels manic shall see increased cravings sweets', 33, 4),
(297, 245, 18, 'torn nuvaring convenience great daily time take pill month easily marked calender put phone never falls never feel changing simple would give nuvaring 10 10 based upon simplicity price really reasonable downsides personally first months notice side effects although low tolerance alcohol nuvaring emotional tired strung time pill none happened also longer periods it039s worth try every girl seems different experience', 0, 5),
(298, 258, 28, 'i039m 30 years old started really bad skin 2 years ago maybe stress life tried everything get rid got worse finally went dermatologist put spironolactone skin started getting better two weeks loved i039ve taking 6 months get compliments makeup artist models i039m hairstylist good skin another plus breasts went small b c decided stop taking week breasts went small skin getting little oily i039m going back take one day', 31, 9),
(299, 221, 11, 'i039ve suffered panic attacks anxiety years took paxil many years effectiveness waned hated weight gain sexual sideeffects came switched luvox starting 25mg worked miracles eventually move 50mg last two years 75mg adverse effects lifesaver eventually son diagnosed panic disorder certainly inherited much like inherited mother doctor tried luvox assumption genetic similarity similar diagnosis might treated medicine right son living anxietyfree panic attackfree lives', 44, 9),
(300, 315, 47, 'beauties beautiful even tho clearly high end super great price costume jewelry though others look twice since appear near real nice', 0, 10),
(301, 298, 47, 'great product great product got set mother allergic bijoux probably nickel products dont know sure know ears get swallowed red itchy unless silver goldbr im glad sterling silver still affordable price never got allergic reaction wears every day', 0, 10),
(302, 284, 47, 'exactly pictured daughters friend loved came packaged nice box exactly pictured daughters friend loved came packaged nice box thought looked expensive happy purchase', 0, 10),
(303, 362, 47, 'five stars love fits great super comfortable neat idea fish bones also come', 0, 10),
(304, 285, 47, 'mothers day gift mom loved really nice quality interesting design got mothers day gift mom loved really nice quality interesting design', 0, 10),
(305, 305, 47, 'five stars love make wont get another', 0, 10),
(306, 338, 47, 'five stars true size unique', 0, 10),
(307, 370, 47, 'five stars necklace beautifulis great accent wardrobe', 0, 10),
(308, 320, 47, 'five stars perfect', 0, 10),
(309, 336, 47, 'five stars love', 0, 10),
(310, 350, 47, 'high hopes epic fail didnt even last first day one stone already got two fell day im sad really looking forward', 4, 2),
(311, 276, 47, 'real nice necklace price real nice necklace price dont look strand larger diameter next advertised really nice necklace', 0, 10),
(312, 333, 47, 'amazing comfortable ring would definitely buy great ring konov', 2, 10),
(313, 363, 47, 'five stars great quality price', 1, 10),
(314, 345, 47, 'little smaller expected like bracelet lot really cute almost exactly expected wish little longer little snug even though fairly small wrists', 1, 8),
(315, 273, 47, 'pretty versatile pretty versatile wear dresses low cut allows bit modest especially appreciate continuous string wandering clasp ruin look', 1, 10),
(316, 348, 47, 'dont get like first time opened got broken dont get like first time opened got broken dont fit fingers', 0, 2),
(317, 371, 47, 'three stars expected took long ship price right necklace adjustable hangs low', 1, 6),
(318, 349, 47, 'four stars bought daughter cute bigger imagined would', 0, 8),
(319, 325, 47, 'five stars pretty comfortable wear', 1, 10),
(320, 337, 47, 'tell clara good ring great ring looks exactly like one capaldi wears body ready wear everyday life cosplay one problem kinda look weird bent fit finger big fingers metal easy bend still stiff cant notice shape wearing', 5, 8),
(321, 302, 47, 'son loved got son loved got gave look plugs maybe month getting one black piece dragon fell metal happy', 0, 4),
(322, 314, 47, 'beautiful pretty works really well diffusing scented oil happy purchase', 0, 10),
(323, 369, 47, 'four stars like much', 0, 8),
(324, 364, 47, 'five stars love ring', 0, 10),
(325, 282, 47, 'five stars great', 0, 10),
(326, 344, 47, 'five stars beautiful red color goes coral jewelry', 0, 10),
(327, 354, 47, 'five stars daughter loved', 0, 10),
(328, 278, 47, 'two stars dont like', 0, 4),
(329, 340, 47, 'one star bad quality sand mine bright pink hideous save money', 0, 2),
(330, 331, 47, 'bad really liked got 5101 brown came apart days bad really liked', 0, 4),
(331, 279, 47, 'really pretty received necklace quickly really cute stone pink sparkles different colors thing im worried necklace looks fragile 8 year old granddaughter rough playing around really pretty', 0, 8),
(332, 280, 47, 'like much cute like much', 0, 10),
(333, 343, 47, 'four stars daughter loves', 0, 8),
(334, 304, 47, 'two stars smaller expected', 0, 4),
(335, 312, 47, 'states item new states item new cant tell came little zip bag packaging', 0, 6),
(336, 299, 47, 'two stars broke wearings', 0, 4),
(337, 341, 47, 'love look cute much easier get used thought would loveeeeeeeee hit friends', 2, 10),
(338, 291, 47, 'four stars used one far looks nice neat', 0, 8),
(339, 297, 47, 'wonderful stunningly amazing beautiful love thanks much great price little big ring like ordered one smaller guess lol', 1, 10),
(340, 335, 47, 'bracelet fit properly bracelet fit properly actually reshape bracelet holder looked ugly box mention wrist size bracelet holder inside also oval shape take shape bracelet', 1, 6),
(341, 324, 47, 'great product bought key chain great product bought key chain came super early like 2 weeks early complaint pendants attached one ring planning using one still amazing product', 0, 10),
(342, 287, 47, 'four stars great fit color glassbottlegreen olivegreen good quality plugs', 0, 8),
(343, 293, 47, 'beautiful ring great quality never tried purchased titanium jewelry darker anticipated deal breaker picture represents ring well quite pretty ring quite substantial hefty however slender fingers may need exchange thinner version overall like hope find right size fit many beautiful rings confident get looks best', 1, 8),
(344, 296, 47, 'four stars sizes ran small', 0, 8),
(345, 334, 47, 'worth money thought ordering gold received silver attractive enough keep however realized buying jewelry person preferable also want test patience necklace spent nearly hour untangling plan hang storage', 0, 2),
(346, 319, 47, 'pretty earringsthey nice shine pretty earringsthey nice shine arrived quickly cute little gift box', 1, 10),
(347, 294, 47, 'five stars gorgeous fits great', 0, 10),
(348, 360, 47, 'one star gift sept 2 hope fits bracelet sure yet', 0, 2),
(349, 318, 47, 'beautiful statement piece great quality great price first time ive ordered anything like amazon photos others posted reviews helped much nicer person photos dont justice heavy piece heavy right weight something many stones lighter would worried quality case price perfect probably even better expected stones lot sparkle hard get photo striking piecethe necklace varied shades blue could go many different blue clothing pieces go well something contrasting metal antique brass look looks like something youd find higher end boutique doubt great statement piece everyday special event look im glad took chance bought one awesome find cant say enough good things purchase dont think youll disappointed fun daisy also packed securely cute box bubble wrap inside arrived damage perfect condition', 23, 10),
(350, 301, 47, 'five stars beautiful intricate bead reminded vincent van goghs 34starry night34', 0, 10),
(351, 342, 47, 'dont waste money types wont let contact seller sodo buy wife put fell overnight n couldnt find little tiny pieces themit appears photo inserts longer stay placebut notdont waste money types rings', 0, 2),
(352, 328, 47, 'one wasnt enough adding charms one wasnt enough adding charms', 1, 10),
(353, 367, 47, 'five stars co workers complimented wore', 0, 10),
(354, 316, 47, 'five stars amazing', 1, 10),
(355, 359, 47, 'sparkly love necklace dainty sparkles catches light wear cross pendant pleased', 0, 10),
(356, 303, 47, 'one star small came chipped', 0, 2),
(357, 274, 47, 'two stars loved bracelet 725 actual size 65', 1, 4),
(358, 357, 47, 'good value chain missing immediately send one stones nice good value', 0, 8),
(359, 306, 47, 'four stars nice', 0, 8),
(360, 309, 47, 'five stars best choice outfit', 0, 10),
(361, 281, 47, 'five stars fast shipment great product', 2, 10),
(362, 277, 47, 'glad got put glad got put charms ordered day', 0, 10),
(363, 283, 47, 'four stars good', 0, 8),
(364, 339, 47, 'five stars beautiful bracelet love sparkles', 0, 10),
(365, 358, 47, 'bought silver gold versions couple months ago learned bought silver gold version earrings kept several months like thembr br lightweight comfortable dont interfere phone use things earsbr br classy fun wear professionally work meeting well dancing dressed basically versatile earring works outfits occasionsbr br lastly bit unique get compliments wear sum great earring would recommend hope helpful', 5, 10),
(366, 326, 47, 'four stars look great', 0, 8),
(367, 365, 47, 'two stars impressive', 1, 4),
(368, 292, 47, 'five stars beautiful bargain boot', 0, 10),
(369, 322, 47, 'five stars gift loved', 1, 10),
(370, 352, 47, 'spot ordered 6534 rose gold fits like dream highly recommend taking piece string measuring circumference wrist ordering tight large room slide arm inches forearm starts color great shiny screws tight love screws connected bracelet fear losing themtheyre small one complaint ordered ring also rose gold ring yellow gold may order see get better match highly recommend product engravings inside well made super fast shipping less 1 week', 1, 10),
(371, 356, 47, 'worth 36 price necklace worth looking something longer though double 3634 short keep wear dark tops gaudy would say understated elegance reasonable price', 3, 10),
(372, 286, 47, 'five stars small oh cute', 0, 10),
(373, 330, 47, 'five stars love red crab use daily get lot compliments', 1, 10),
(374, 295, 47, 'five stars better picture', 0, 10),
(375, 313, 47, 'big bold beautiful love birds love necklacebrooch large statement piece petite woman absolutely much fun love bling', 0, 10),
(376, 288, 47, 'perfect 10th year wedding anniversary gift chose 10th wedding anniversary gift wife birth stone diamond alexandrite pendant bit someone mentioned pendant smaller seems pictures wife prefers subtlety cant exactly tell heartshaped stone unless get close little surprises br br included chain necklace seems good quality quite thin clasp bit small first days giving help put tends longer fingernails releasing clasp little tough small issues though', 0, 10),
(377, 353, 47, 'two stars returned wife wanted picture didnt match product', 0, 4),
(378, 275, 47, 'one star painful put wear due strip plastic along cannula', 0, 2),
(379, 329, 47, 'love light hand yet sturdy love light hand yet sturdy enough use daily', 2, 10),
(380, 332, 47, 'five stars even better thought would', 0, 10),
(381, 323, 47, 'five stars happy item cute', 0, 10),
(382, 317, 47, 'five stars love', 0, 10),
(383, 291, 47, 'dont work never able use rings put rings slide around finger cannot get rings back knucklehowever stated listing', 0, 6),
(384, 290, 47, 'ring beautiful ring beautiful well made person looks spectacular stone size wanted looks like gorgeous white topaz however planning order ring keep mind stone quite large like bold jewelry would definitely recommend ring', 0, 10),
(385, 310, 47, 'perfect high enough quality wedding cute get pay cheaper ring perfect high enough quality wedding ring id recommend promise ring birthday gift', 0, 8),
(386, 347, 47, 'pretty came earlier expected pretty came earlier expected love', 0, 10),
(387, 346, 47, 'decent twists broke liked chain overall got nice simple functioned well one thing noticed wore tendency twist something pendant etc reason 1 star review month half lightly pulling two parts get untwist broke nice enough chain lasts month half broken light pulling bare hands maybe best quality', 2, 2),
(388, 366, 47, 'three stars arrived broken one stones looks cheap', 0, 6),
(389, 308, 47, 'pretty price purchased silver bracelet like first liked much went back ordered gold one', 0, 10),
(390, 289, 47, 'better expected know say really impressed ring price great shiny sparkles great looks like real thingbr great vacations thanks much', 2, 10),
(391, 311, 47, 'double initial necklace really like quality necklace complaint keep twisting together constantly untwisting', 3, 8),
(392, 327, 47, 'one star turn nasty 2 nd day', 0, 2),
(393, 355, 47, 'five stars wife happy', 0, 10),
(394, 300, 47, 'disappointingdangerous workmanship rings arrived velvet pouch alcohol swab cleaning nice however one use stones started falling able catch pull super glue place lost disappointing also disappointing find injured first use nipples sore thought used properly handling rings looking closely noticed metal tags ends rings ended cutting skin heavy duty file home able get file tagsbr look really nice stones', 1, 4),
(395, 307, 47, 'really like ring got married weeks ago really like ring fiancee scoured around 15 different jewelry shops look wedding bands noticed mens bands made alternative metals good shops range 250300 dollars thats already huge difference youd pay white gold platinum ring however alternative metal bands displayed shops size 10 standard display size given rings couldnt resized told would wait 1 2 weeks order thembr br thats started check rings online really wanted clean beveled cobalt ring ring cavalier looks good ive seen shops price unbelievable prefer cobalt tungsten brighter look almost resembles white gold ring nice texture kinda play often gollum played ring also quite like fact word inside ring 34cobalt34 none fancy phrases 34brute34 etc huge brand name youll find ringsbr br please keep good work cavalier jewelers', 2, 10),
(396, 368, 47, 'cute awesome price', 0, 10),
(397, 361, 47, 'five stars love', 0, 10),
(398, 351, 47, 'beware pair see says one piece shouldnt show pairvery misleading wants one', 0, 2),
(399, 321, 47, 'four stars nice rather large got many compliments', 0, 8),
(400, 421, 47, 'buy really didnt start wear may 2016 junk falling apart outer sole thin although wear almost completely house rugs inner padding showing heel previous pair company lasted 5 years threw im sorry didnt wear often first got would returned immediately', 0, 2),
(401, 455, 47, 'super flip flop provides great cushion well archsupport', 0, 10),
(402, 384, 47, 'great clutch purse perfect need something small cell phone items', 0, 8),
(403, 466, 47, 'badass getting u see', 0, 10),
(404, 433, 47, 'three stars small', 0, 6),
(405, 417, 47, 'five stars 13 year old son loved shoes excellent quality service time birthday', 1, 10),
(406, 412, 47, 'finally cushion write ok searching shoes replace shoes used wear crazy expensive wanna guess happy get sale helped lot honestly truly worth comfortable arch awesome cushioning number one issue fat woman 35 years working intensive care amazing love tongue super thin doesnt get way love lacing system needed little room shoe days works great days wish one inch lol looking amazing shoe cushioning smooth rocker bottom couldnt happier also introduced another friend worked icu many years bought adores yes little narrow side aware', 1, 10),
(407, 432, 47, 'good deal go full size went full size fit better kinda wide nonetheless love', 0, 8),
(408, 372, 47, 'would say boot good line work buy would say boot good line work buy pair every year', 0, 10),
(409, 383, 47, 'small size misleading', 0, 6),
(410, 424, 47, 'five stars shoes comfortable', 0, 10),
(411, 408, 47, 'five stars love sandals', 0, 10),
(412, 462, 47, 'four stars good quality shoes great casual business attire lots compliments', 1, 8),
(413, 458, 47, 'good shoes comfortable whole day school daughter really likes shoes comfortable fit wellthe black started fade already couple weeks still good shoes', 0, 10),
(414, 457, 47, 'two stars okay', 1, 4),
(415, 443, 47, 'love shoes love shoes perfect fit comfortable even walking concrete floors 10 hours look good feel sturdy excellent product amazing value', 0, 10),
(416, 401, 47, 'five stars good', 0, 10),
(417, 447, 47, 'three stars like go walk3 go walk textile hard', 2, 6),
(418, 410, 47, 'four stars kids love comfort great price', 0, 8),
(419, 407, 47, 'tissue paper thicker ripped tissue paper thicker ripped putting paid attention reviews', 2, 2),
(420, 436, 47, 'fit small return next size next size comfortable', 0, 8),
(421, 456, 47, 'cute comfy cute comfy', 0, 10),
(422, 453, 47, 'five stars absolutely love', 0, 10),
(423, 388, 47, 'never travel without sturdy great travel tote lots pockets back pocket unzips bottom place bag handle suitcase easy transport never travel without', 0, 10),
(424, 438, 47, 'great price comfortable little loose feet', 0, 8),
(425, 428, 47, 'five stars comfortable', 0, 10),
(426, 470, 47, 'four stars everithing good', 0, 8),
(427, 387, 47, 'love love bag saw boutique store 78 decided see amazon great price awesome wellmade bag w oodles pockets easy organization plus lovely color', 0, 10),
(428, 430, 47, 'nice shoes nice shoes little snug', 0, 6),
(429, 399, 47, 'four stars nice durability comfortable stylish', 0, 8),
(430, 448, 47, 'fit fine assume fault pair sketchers second pair ive bought left shoe fit well right left slightly loose first pair go walk sketchers bought fit fine assume fault lie left foot disappointed given price', 0, 4),
(431, 442, 47, 'satisfied customer flat feet large width 1st times bit snug uncomfortable wear times comfy casual shoes yet material made bamboo didnt help comfort first times wearing either', 0, 8),
(432, 460, 47, 'confortable thing liked tall boots lights confortable thing liked tall', 0, 10),
(433, 395, 47, 'one star expected would order', 1, 2),
(434, 375, 47, 'five stars second pair different color excellente', 0, 10),
(435, 416, 47, 'comfortable soft perfect slippers adorable soft inside love rubber sole comfortable size 8 read reviewers runs little larger size go size 6575 fits wonderfully', 0, 10),
(436, 439, 47, 'used yet brand new work great larger anticipated used yet brand new work great', 2, 10),
(437, 426, 47, 'returned pair asics returned pair asics cumulus okay ordered big fault really didnt like look much anyway got enough arch support personally width good wide foot im kind glad didnt order right size would probably kept much happier asics bought instead feel like im walking cloud shoes felt little stiff like cardboard', 0, 6),
(438, 394, 47, 'arch ankle support exellent arch ankle support critical type boot boots', 1, 10),
(439, 385, 47, 'wide width boots order 9c wide width received box shoes marked 9b went return told 9cs mismarked well narrow returning refund would suggest looking wide width', 0, 2),
(440, 463, 47, 'overall excellent boots love shoes got wear around town look cute comfortable added insoles add extra arch support long walking days overall excellent boots', 0, 10),
(441, 391, 47, 'five stars great luck brooks running shoes offer great stability effectively cushion feet', 0, 10),
(442, 469, 47, 'five stars nice', 0, 10),
(443, 427, 47, 'pleased fits expected fast delivery pleased', 0, 10),
(444, 374, 47, 'giant cheep cheep made china although advertised made america size big going back', 0, 2),
(445, 468, 47, 'five stars love ordered 12 size larger normalthey fit perfectgreat gym shoe', 0, 10),
(446, 451, 47, 'excellent style quality initially bought 11 exchange 12theyre fine usually wear 11 guess ran little small could style shoe rather dress oxford', 0, 10),
(447, 420, 47, 'great boot merrell great boots fit feel great wear everyday concrete floors third pair', 3, 10),
(448, 467, 47, 'five stars love shoes best hiking shoe ive ever', 0, 10),
(449, 382, 47, 'perfect sight seeing shoes love sandals cushioning comfortable yet attractive easy put', 0, 10),
(450, 392, 47, 'brooks makes great shoe great arch support fair didnt fit doesnt mean dont fit brooks makes great shoe great arch support', 1, 6),
(451, 471, 47, 'bit disappointing otherwise theyre good pair sunglasses theyre lot darker pictured backlit see tortoiseshell pattern otherwise look dark brown bit disappointing otherwise theyre good pair sunglasses look wellmade feel sturdy', 0, 8),
(452, 389, 47, 'five stars love bostons love finally made male flip flop great comfort', 0, 10),
(453, 397, 47, 'five stars happy purchase', 0, 10),
(454, 444, 47, 'fixed everything love', 0, 10),
(455, 423, 47, 'missing rhinestones small opening love sparkle bagafter one reasons purchasing however missing 2 rhinestone studs area missing studs quite noticeable reason purchase like large bagswhile size bag okay opening small disappointed thatbut oh well ordering online always hit miss', 9, 8),
(456, 437, 47, 'five stars perfect', 0, 10),
(457, 461, 47, 'four stars wife super excited first trip disney', 0, 8),
(458, 386, 47, 'top line quality exceptional colors happy shoes great colors many manny compliments love would recommend everyone', 0, 10),
(459, 378, 47, 'makes look cool like loooooove product much 603br makes look cool like superman', 0, 10),
(460, 380, 47, 'five stars love shoes comfortable', 0, 10),
(461, 445, 47, 'great little cheap canvas shoe walking biking whatever really love style shoe sturdy slip less bulky true sneaker pair yellow got greasy biking switched black theyre holding well comfortable seem like would survive run washing machine wanted clean happy purchase', 0, 10),
(462, 435, 47, 'five stars sweet', 1, 10),
(463, 405, 47, 'five stars excellent shoe great quality great price', 1, 10),
(464, 452, 47, 'may need inserts achieve correct fit add inserts back heel size 65 small ad size 7 big narrow heels inserts stick inside back shoe fit great', 1, 8),
(465, 377, 47, 'five stars terrific shoe reasonable price promptly delivered thanks', 0, 10),
(466, 373, 47, 'find need lace pretty tight keep toes rubbing composite boots typical timberland comfort heavy wear day find need lace pretty tight keep toes rubbing composite protective toe boot seem like good boot right box rule thumb get 1 year every 100 spend would guess roughly year soles start cracking also typical timberland boots work boots beat year quite honestly comfortable', 0, 8),
(467, 446, 47, 'five stars grandson sam loved couldnt wait try show cousins', 0, 10),
(468, 441, 47, 'five stars love', 0, 10),
(469, 431, 47, 'oakley always excellent quality glasses oakley always excellent quality glasses lenses nice strong green color cant seen worn', 0, 10),
(470, 381, 47, 'five stars perfect fit add another sole extra comfort', 0, 10),
(471, 465, 47, 'shoes far comfortable wedges ive ever put feet shoes far comfortable wedges ive ever put feet hate wearing heals love shoes black well', 0, 10),
(472, 434, 47, 'fantastic support comfortable day long ordered pair mother swollen feet loves shoes said theyre comfortable likes fact adjust strap needed fantastic support wears shoes day long raved much im ordering pair', 0, 10),
(473, 449, 47, 'based reviews decided order 9 fit perfect purchased sneaker stores white size 812 true closed shoe size 10 based reviews decided order 9 fit perfect measured feet ladies go measurements', 0, 10),
(474, 396, 47, 'three stars comfortable look', 0, 6),
(475, 440, 47, 'nice splash color nice shoe gives outfit pop color shoe wear periods time problem feet', 0, 6),
(476, 415, 47, 'giving blister extremely comfortable would go 12 size complaint shoes rub back heel giving blister extremely comfortable would go 12 size normally wear', 0, 8),
(477, 425, 47, 'love shoes love shoes comfortable shoe found trouble keep replace every months soles separate shoes maybe new balance could find kind glue brands use forth final pair unless quality control improves', 0, 6),
(478, 404, 47, 'comfortable husband shoes another colorbr every day walk 30min work workbr comfortable shoes', 1, 10),
(479, 429, 47, 'five stars described', 0, 10),
(480, 406, 47, 'nice especially price actually impressed little bag purchased mine coffee color shipping fastbr br every compartment zips nice keeping things main compartment son padding witch gives bag done structure helps protect ipad holds quite bit huge bag ipad mini fits nicely case room spare side pockets great iphone 5 fitted case iphone 6 would big many othe pockets would work nicelybr strap soft comfortable zippers smooth functional complaint lining little cheap bunch get waybr br usually carry fossil vera bradley bags got something different small', 3, 8),
(481, 459, 47, 'nice boots purchased short term protection floods nice boots purchased short term protection floods little hot southern weather perfect wear get cars buildings heavy rains', 11, 8),
(482, 414, 47, 'cute great product super cute wish around got married worried would hard see going lettering designs way fine could see without problem cant wait give brother soon wife wedding able purchase discount exchange honest review', 2, 10),
(483, 393, 47, 'purse pretty clasp hard open purse pretty clasp hard open disappointed purse', 0, 6),
(484, 402, 47, 'five stars comfortable fits like got great deal thanks amazon', 0, 10),
(485, 400, 47, 'comfortable size way small purchase read review small size ordered size 7 even though usually wear 75 8 however size 6 arrived home funny thing fits wearing shoes consequently tt way smaller expectedbr br besides size thing comfortable easy wear take considering buying one thing need notice rare part shoes lower common shoesbr br satisfied purchase gave 4 stars small size', 0, 8),
(486, 379, 47, 'great sneakers second pairs model gelkayano 21 fit expected always run 12 size small always order second pair model changes case next one happens every years great support narrow flat overprinting feet clock least 15 milesweek walking even used light hiking recently although bit rough still second pair box', 1, 10),
(487, 411, 47, 'love cushion nurse concrete day love cushion', 1, 8),
(488, 403, 47, 'universal traveling shoe far good far good bought 34one pair everything34 traveling shoe first month ownership first weeklong trip im really satisfied shoes hold shine well look good casual outfits pass dress shoes sizing seems run true dont special arch support issues cant make judgement attribute shoes super light weight yet seem sturdy real test see long last hopefully pair much better keens replaced', 0, 10),
(489, 450, 47, 'bit larger usual great comfort bought least half dozen pairs years love mold feet give great support wear year round pair however seemed bit larger toes sneaking top edge size always get never problem makes think need try shoes rather ordering online even ones bought many times', 0, 8),
(490, 413, 47, 'two stars attractive style although little wide', 0, 4),
(491, 454, 47, 'wrong sizing sized right', 0, 2),
(492, 422, 47, 'durable bought wear work worked greenhouse wet feet issue perfect made wet traction protected whole foot arrived one eyelet guard things broken annoying something cared complain however less month wearing began rip apart seams sort disappointing hoping would last bit longer maybe expecting much hope 35 pair shoes would last month', 10, 4),
(493, 464, 47, 'ok veri nice bootsbr go nothing specialbr material better', 0, 6),
(494, 419, 47, 'four stars expected excellent', 0, 8),
(495, 418, 47, 'five stars love wanted', 10, 10),
(496, 409, 47, 'four stars great', 0, 8),
(497, 376, 47, 'two stars strap along big toes causes pain toes', 0, 4),
(498, 398, 47, 'two stars toe uncomfortable', 0, 4),
(499, 390, 47, 'five stars love love love love', 0, 10);

-- --------------------------------------------------------

--
-- Table structure for table `time_table`
--

CREATE TABLE `time_table` (
  `time_key` int(8) NOT NULL,
  `day` varchar(10) DEFAULT NULL,
  `date` int(11) NOT NULL,
  `month` int(5) DEFAULT NULL,
  `year` int(4) DEFAULT NULL
) ENGINE=InnoDB DEFAULT CHARSET=utf8 COLLATE=utf8_general_ci;

--
-- Dumping data for table `time_table`
--

INSERT INTO `time_table` (`time_key`, `day`, `date`, `month`, `year`) VALUES
(1, 'Tuesday', 1, 4, 2008),
(2, 'Saturday', 13, 12, 2008),
(3, 'Friday', 30, 10, 2009),
(4, 'Monday', 14, 12, 2009),
(5, 'Monday', 18, 1, 2010),
(6, 'Tuesday', 27, 4, 2010),
(7, 'Saturday', 8, 5, 2010),
(8, 'Friday', 9, 7, 2010),
(9, 'Wednesday', 18, 8, 2010),
(10, 'Sunday', 17, 10, 2010),
(11, 'Monday', 3, 1, 2011),
(12, 'Monday', 11, 4, 2011),
(13, 'Saturday', 7, 5, 2011),
(14, 'Monday', 23, 5, 2011),
(15, 'Friday', 24, 6, 2011),
(16, 'Thursday', 21, 7, 2011),
(17, 'Thursday', 1, 9, 2011),
(18, 'Monday', 31, 10, 2011),
(19, 'Monday', 20, 2, 2012),
(20, 'Sunday', 20, 5, 2012),
(21, 'Friday', 17, 8, 2012),
(22, 'Tuesday', 16, 10, 2012),
(23, 'Monday', 11, 2, 2013),
(24, 'Thursday', 21, 3, 2013),
(25, 'Thursday', 18, 4, 2013),
(26, 'Thursday', 20, 6, 2013),
(27, 'Saturday', 6, 7, 2013),
(28, 'Wednesday', 21, 8, 2013),
(29, 'Thursday', 9, 1, 2014),
(30, 'Thursday', 16, 1, 2014),
(31, 'Thursday', 3, 4, 2014),
(32, 'Sunday', 11, 5, 2014),
(33, 'Wednesday', 4, 6, 2014),
(34, 'Thursday', 7, 8, 2014),
(35, 'Sunday', 10, 8, 2014),
(36, 'Monday', 11, 8, 2014),
(37, 'Friday', 22, 8, 2014),
(38, 'Sunday', 9, 11, 2014),
(39, 'Wednesday', 31, 12, 2014),
(40, 'Thursday', 1, 1, 2015),
(41, 'Saturday', 14, 3, 2015),
(42, 'Wednesday', 13, 5, 2015),
(43, 'Monday', 1, 6, 2015),
(44, 'Thursday', 6, 8, 2015),
(45, 'Thursday', 20, 8, 2015),
(46, 'Friday', 28, 8, 2015),
(47, 'Monday', 31, 8, 2015),
(48, 'Tuesday', 1, 9, 2015),
(49, 'Friday', 11, 9, 2015),
(50, 'Friday', 18, 9, 2015),
(51, 'Tuesday', 22, 9, 2015),
(52, 'Wednesday', 14, 10, 2015),
(53, 'Tuesday', 3, 11, 2015),
(54, 'Wednesday', 4, 11, 2015),
(55, 'Saturday', 14, 11, 2015),
(56, 'Sunday', 15, 11, 2015),
(57, 'Saturday', 28, 11, 2015),
(58, 'Monday', 14, 12, 2015),
(59, 'Tuesday', 12, 1, 2016),
(60, 'Saturday', 13, 2, 2016),
(61, 'Sunday', 3, 4, 2016),
(62, 'Wednesday', 27, 4, 2016),
(63, 'Thursday', 28, 4, 2016),
(64, 'Friday', 27, 5, 2016),
(65, 'Wednesday', 1, 6, 2016),
(66, 'Sunday', 19, 6, 2016),
(67, 'Tuesday', 5, 7, 2016),
(68, 'Wednesday', 6, 7, 2016),
(69, 'Monday', 18, 7, 2016),
(70, 'Tuesday', 9, 8, 2016),
(71, 'Tuesday', 23, 8, 2016),
(72, 'Wednesday', 21, 9, 2016),
(73, 'Sunday', 25, 9, 2016),
(74, 'Thursday', 13, 10, 2016),
(75, 'Sunday', 27, 11, 2016),
(76, 'Thursday', 8, 12, 2016),
(77, 'Sunday', 18, 12, 2016),
(78, 'Tuesday', 27, 12, 2016),
(79, 'Tuesday', 3, 1, 2017),
(80, 'Thursday', 12, 1, 2017),
(81, 'Friday', 13, 1, 2017),
(82, 'Thursday', 19, 1, 2017),
(83, 'Saturday', 28, 1, 2017),
(84, 'Thursday', 2, 3, 2017),
(85, 'Tuesday', 7, 3, 2017),
(86, 'Thursday', 9, 3, 2017),
(87, 'Wednesday', 15, 3, 2017),
(88, 'Thursday', 23, 3, 2017),
(89, 'Monday', 17, 4, 2017),
(90, 'Monday', 24, 4, 2017),
(91, 'Thursday', 8, 6, 2017),
(92, 'Thursday', 29, 6, 2017),
(93, 'Thursday', 7, 9, 2017),
(94, 'Saturday', 16, 9, 2017),
(95, 'Friday', 22, 9, 2017),
(96, 'Thursday', 5, 10, 2017),
(97, 'Tuesday', 24, 10, 2017),
(98, 'Thursday', 26, 10, 2017);

-- --------------------------------------------------------

--
-- Table structure for table `vote_score_dashboard`
--

CREATE TABLE `vote_score_dashboard` (
  `COL 1` varchar(26) DEFAULT NULL,
  `COL 2` varchar(4) DEFAULT NULL,
  `COL 3` int(3) DEFAULT NULL
) ENGINE=InnoDB DEFAULT CHARSET=utf8 COLLATE=utf8_general_ci;

--
-- Dumping data for table `vote_score_dashboard`
--

INSERT INTO `vote_score_dashboard` (`COL 1`, `COL 2`, `COL 3`) VALUES
('Guanfacine', 'Drug', 192),
('Effexor XR', 'Drug', 166),
('Cialis', 'Drug', 132),
('Estradiol', 'Drug', 128),
('Buprenorphine', 'Drug', 125),
('Phillips\' Milk of Magnesia', 'Drug', 120),
('Eflornithine', 'Drug', 99),
('Ledipasvir / sofosbuvir', 'Drug', 94),
('Alprazolam', 'Drug', 87),
('Mobic', 'Drug', 82);

--
-- Indexes for dumped tables
--

--
-- Indexes for table `product_table`
--
ALTER TABLE `product_table`
  ADD PRIMARY KEY (`product_key`);

--
-- Indexes for table `review_table`
--
ALTER TABLE `review_table`
  ADD PRIMARY KEY (`id_review`),
  ADD KEY `product_key` (`product_key`),
  ADD KEY `time_key` (`time_key`);

--
-- Indexes for table `time_table`
--
ALTER TABLE `time_table`
  ADD PRIMARY KEY (`time_key`);

--
-- AUTO_INCREMENT for dumped tables
--

--
-- AUTO_INCREMENT for table `product_table`
--
ALTER TABLE `product_table`
  MODIFY `product_key` int(11) NOT NULL AUTO_INCREMENT, AUTO_INCREMENT=472;

--
-- AUTO_INCREMENT for table `time_table`
--
ALTER TABLE `time_table`
  MODIFY `time_key` int(8) NOT NULL AUTO_INCREMENT, AUTO_INCREMENT=99;

--
-- Constraints for dumped tables
--

--
-- Constraints for table `review_table`
--
ALTER TABLE `review_table`
  ADD CONSTRAINT `review_table_ibfk_1` FOREIGN KEY (`product_key`) REFERENCES `product_table` (`product_key`),
  ADD CONSTRAINT `review_table_ibfk_2` FOREIGN KEY (`time_key`) REFERENCES `time_table` (`time_key`);
COMMIT;

/*!40101 SET CHARACTER_SET_CLIENT=@OLD_CHARACTER_SET_CLIENT */;
/*!40101 SET CHARACTER_SET_RESULTS=@OLD_CHARACTER_SET_RESULTS */;
/*!40101 SET COLLATION_CONNECTION=@OLD_COLLATION_CONNECTION */;
